id,name,slug,adapter,type,status,is_seated,start_date,end_date,created_at,updated_at,min_price,max_price,price_before_discount,currency,discount_percent,discount_code_active,coupon_code_active,rating,photo,banner,description,important_info,categories,category_slugs,firm_id,firm_name,firm_slug,firm_website,firm_email,firm_phone,place_name,place_address,place_district,place_city,place_country,place_latitude,place_longitude,place_online,country_name,country_code,option_count,option_names,url
11,Emaar akvarium,emaar-akvaryum,biletcom,entertainment,1,,,,2020-07-20T07:53:26.000000Z,2026-02-27T11:08:14.000000Z,579,629,790,TRY,,1,0,1,emaar-ekvaryum-yeni.webp,,"Emaar Akvaryum & Sualtı Hayvanat Bahçesi’nde unutulmaz anlar yaşayacağınız, eğlencenin tadını çıkaracağınız bir keşif sizi bekliyor! Emaar Akvaryum ve Sualtı Hayvanat Bahçesi'nde eşsiz bir deneyime hazır olun!","Bu kampanya yalnızca Bilet.com online bilet alımlarında geçerlidir, kapıda giriş fiyatları indirimsiz olarak sunulmaktadır.",Akvarium | Zoopark,akvaryum | hayvanat-bahcesi,4,Emaar Akvaryum,emaar-akvaryum,www.emaarskyview.com,,,Emaar AVM,"Ünalan, Libadiye Cd No:88, 34700 Üsküdar/İstanbul",Üsküdar,İstanbul,Türkiye,41.002518,29.070582,0,Türkiye,,2,Emaar Akvariumuna Gündəlik Giriş | Emaar Aquarium İllik Üzvlük,https://az.bilet.com/fealiyyet/emaar-akvaryum
8,İstanbul Parkı,park-of-istanbul,biletcom,entertainment,1,,,,2020-07-05T15:09:21.000000Z,2026-02-27T11:11:18.000000Z,379,499,600,TRY,,1,0,3,park-of-istanbul-yeni.webp,,İstanbul’un yanı başında Çekmeköy’de orman içerisinde 60 farklı türden 350 canlının yanı sıra bir birinden heyecanlı oyun parkurları ile Park Of İstanbul (POİ) siz adrenalin ve doğa tutkunlarını çağırıyor! <br/><br/>Bilet.com'a özel indirimli fiyatlarla b,27.02.2026 - 01.03.2026 tarihleri arasında;  Hayvanat Bahçesi Giriş Bileti 600TL yerine 369TL !!,Zoopark,hayvanat-bahcesi,22,Park Of İstanbul,park-of-istanbul,www.parkofistanbul.com,,,Park of İstanbul,"Çatalmeşe Mahallesi, 30 Ağustos Cd. Mesire Alanı No:3 Alemdağ – Çekmeköy / İstanbul",Çekmeköy,İstanbul,Türkiye,41.051024,29.248736,0,Türkiye,,18,"Zoopark təqdimatı | Zoopark + Piknik | Macəra Parkı - 3 Trek | Macəra Parkı - 5 trek | Zooparkın girişi + Piknik + Macəra Parkı 1 Track | Zoopark girişi + Piknik + Macəra Parkı 3 trek | Nəhəng Yelləncək | Roller Coaster Zipline | Mini ATV (Uşaqlar) | Salto Trampolin | Uşaq ip kursu | zipline | İp kursu | İnsan azmışı - 1 atış | İnsan azmışı - 2 atış | İnsan azmışı - 3 atış | Olimpiya Batutu | Zooparka giriş: 20-29 fevral, 3-13 yaşlı uşaqlar üçün xüsusi",https://az.bilet.com/fealiyyet/park-of-istanbul
2080,Nickelodeon Play İstanbul,nickelodeon-play-istanbul,land-of-legends,entertainment,1,,,,2025-11-27T20:38:43.000000Z,2026-02-13T14:13:38.000000Z,1800,1800,2000,TRY,,1,0,4,nickelodion_play_logo.webp,,NICKELODEON PLAY! TERSANE ISTANBUL AÇILDI! Macera bir tık yakınında. Hemen biletini al ve eğlencenin içine dal!,4 kişi ve üzeri seçim yaptığınızda  ekstra %15 indirim ödeme adımında otomatik olarak uygulanır!,Mövzu Parkı | Fəaliyyət,tema-park | aktivite,11,Land Of Legends,land-of-legends,www.thelandoflegendsthemepark.com,,,Tersane İstanbul,Camii Kebir Taşkızak Tersane Cad. No:5 Kasımpaşa,beyoğlu,İstanbul,Türkiye,41.033522,28.959507,0,Türkiye,,2,Gündəlik Giriş - Türkiyə vətəndaşı | Gündəlik Bilet - Türkiyə vətəndaşı olmayanlar,https://az.bilet.com/fealiyyet/nickelodeon-play-istanbul
352,İstanbul Robot Muzeyi,istanbul-robot-muzesi,biletcom,entertainment,1,,,,2023-10-03T14:05:00.000000Z,2026-02-13T14:13:38.000000Z,330,330,550,TRY,,1,0,6,istanbul-robot-muzesi-yeni.webp,istanbul-robot-musesi-banner.jpg,Dünyanın İlk İnsanabənzər Robot Muzeyi 20% Endirimli Bilet Qiymətləri ilə Bilet.com-da!,1 ALANA 1 BEDAVA! 14-28 Şubat döneminde her biletli Ziyaretçi yanında 1 Kişiyi ÜCRETSİZ olarak getirebilir!,Muzey | Fəaliyyət,muze | aktivite,66,İstanbul Robot Müzesi,istanbul-robot-muzesi,,,,İstanbul Robot Müzesi,"AKINSOFT Plaza, Gümüş Pala Mahallesi E-5, D-100 Kuzey Yanyolu No: 194, 34320 Avcılar/İstanbul",Avcılar,İstanbul,Türkiye,40.982343,28.728655,0,Türkiye,,4,İstanbul Robot Muzeyi Endirimli Onlayn Bilet | 23 Aprel Kampaniyası: İstanbul Robot Muzeyi 50% Endirimli Bilet | 18-31 May Muzeylər Həftəsi üçün Xüsusi 50% Endirimli Bilet | 17 yaşdan kiçik tələbələr üçün 50% endirimli bilet,https://az.bilet.com/fealiyyet/istanbul-robot-muzesi
1798,İSTANBUL ƏFSANƏLƏRİ,legends-of-istanbul,biletcom,entertainment,1,,,,2025-08-13T12:00:31.000000Z,2026-02-13T14:13:39.000000Z,790,990,,TRY,,1,0,7,loi-2.webp,,,Gösteri Saatleri Hakkında Kısmında Belirtilmiştir.,Fəaliyyət,aktivite,74,LEGENDS OF ISTANBUL,loi,,legendsistanbul@gmail.com,,Yücel Art Center,"Alemdar, Alemdar Cd. No:3-5, 34110 Fatih/İstanbul",Fatih,İstanbul,Türkiye,41.009221,28.977170,0,Türkiye,,1,LEGENDS OF İSTANBUL Giriş Bileti,https://az.bilet.com/fealiyyet/legends-of-istanbul
42,Çamlıca qalası,camlica-kulesi,camlica-kule,entertainment,1,,,,2021-10-11T10:24:32.000000Z,2026-02-13T14:13:39.000000Z,126,288,320,TRY,,1,0,8,camlica-kulesi-yeni.webp,,İstanbul'un yeni simgesi Çamlıca Kulesi seyir terası biletleri Bilet.com'da. Erken rezervasyon yap!,"Bu kampanya yalnızca Bilet.com online bilet alımlarında geçerlidir, kapıda giriş fiyatları indirimsiz olarak sunulmaktadır.",Müşahidə Terrası | Fəaliyyət,seyir-terasi | aktivite,45,Çamlıca Kulesi,camlica-kulesi,https://camlicakule.istanbul/,iletisim@camlicakule.istanbul,,Çamlıca Kulesi,Küçük Çamlıca Mahallesi Çilehane Caddesi Oyma Sokak No:1 Üsküdar/İstanbul,Üsküdar,İstanbul,Türkiye,41.016801,29.065396,0,Türkiye,,5,"Müşahidə Terası - Türkiyə vətəndaşı | Müşahidə Terası - Türkiyə vətəndaşı olmayan | 18-22 Aprel ""Dünya Turizm Həftəsi"" üçün Xüsusi Endirimli Müşahidə Terası - Türk Vətəndaş | Hədəf Ay | Səyyah 360",https://az.bilet.com/fealiyyet/camlica-kulesi
23,Antalya akvarium,antalya-akvaryum,antalya-akvaryum,entertainment,1,,,,2020-09-29T12:58:19.000000Z,2026-02-18T08:11:31.000000Z,445,590,,TRY,,1,0,9,antalya-akvaryum-yeni.webp,,"Dünyanın en büyük tünel akvaryumunda yürümeye hazır mısınız? 40'dan fazla tematik akvaryumu ve tesis içerisinde yer alan Snow World (Kar Dünyası ve Buz Müzesi), WildPark (Tropik Alan), Face2Face (Balmumu Heykel Müzesi) ve Oceanride XD Cinema gibi büyüleyi",,Akvarium | Zoopark,akvaryum | hayvanat-bahcesi,32,Antalya Akvaryum,antalya-akvaryum,www.antalyaaquarium.com,,,Antalya Akvaryum,"Dumlupınar Bulvarı Arapsuyu Mahallesi No: 502 Konyaaltı, Antalya.",Konyaaltı,Antalya,Türkiye,36.879227,30.660247,0,Türkiye,,12,"Akvariuma Giriş - Türkiyə vətəndaşı | Akvariuma Qəbul - Xarici Vətəndaş | Akvarium və Qar Dünyası - Türk Vətəndaş | Aquarium & Snow World - Xarici Vətəndaş | Akvaryum & WildPark - Türkiyə vətəndaşı | Aquarium & WildPark - Xarici Vətəndaş | Aquarium & XD Cinema - Türkiyə vətəndaşı | Aquarium & XD Cinema - Xarici Vətəndaş | Mega Paket: Akvarium və Qar Dünyası & WildPark & Face2Face & XD Cinema - Türk Vətəndaş | Mega Paket: Akvarium və Qar Dünyası, WildPark və Face2Face & XD Cinema - Xarici Vətəndaş | Akvaryum & Face2Face - Türkiyə vətəndaşı | Aquarium & Face2Face - Xarici Vətəndaş",https://az.bilet.com/fealiyyet/antalya-akvaryum
40,Funtastic Akvarium İzmir,funtastic-aquarium-izmir,biletcom,entertainment,1,,,,2021-07-01T07:56:10.000000Z,2026-02-27T11:14:03.000000Z,449,492,579,TRY,,1,0,10,funtastic-akvaryum-yeni.webp,funtastic-akvaryum.jpg,İzmir Westpark AVM içerisinde bulunan Funtastic Aquarium İzmir biletleri online özel fiyatlarla sadece bilet.com'da. <br/><br/>Ege Bölgesi'nin ilk ve tek akvaryumunda eşsiz bir deneyime hazır mısınız?,"Bu kampanya yalnızca Bilet.com online bilet alımlarında geçerlidir, kapıda giriş fiyatları indirimsiz olarak sunulmaktadır.",Akvarium | Zoopark,akvaryum | hayvanat-bahcesi,43,Funtastic Akvaryum,funtastic-akvaryum,www.izmir.funtasticaquariums.com,,,Funtastic Aquarium İzmir,"R. Şevket İnce Mahallesi, 2148/9 Sokak, No.4 35540 Bayraklı, İzmir",Bayraklı,İzmir,Türkiye,38.480752,27.178618,0,Türkiye,,5,Akvarium giriş bileti | Ailə Paketi - 1 (2 Böyük 2 Uşaq) | Ailə Paketi - 2 (2 Böyük 1 Uşaq) | Ailə Paketi - 3 (1 Böyük 2 Uşaq) | Gecə Akvariumu (Hər cümə 19:00-22:00 arası),https://az.bilet.com/fealiyyet/funtastic-aquarium-izmir
7,Meşə Kemerburgaz,forest-kemerburgaz,biletcom,entertainment,1,,,,2020-07-05T15:09:21.000000Z,2026-02-13T14:13:39.000000Z,499,1899,,TRY,,1,0,11,forest-logo.png,,Forest Kemerburgaz kapılarını açılıyor. İndirimli fiyatlar bilet.com'da.,Paket içeriklerinin ve Aktivite alanlarının detaylarını öğrenmek için lütfen Hakkında bölümünden etkinlik açıklamalarını inceleyiniz!,Fəaliyyət,aktivite,73,Seyrü Sefa,seyru-sefa,,kadircelaloglu@gmail.com,,Forest Kemerburgaz,"Mithatpaşa, Kurt Kemeri Mesire Alanı, Çiftalan-Kemerburgaz Yolu, Davutpaşa Cd., 34075 Eyüp/İstanbul",Eyüp,İstanbul,Türkiye,41.196957,28.915756,0,Türkiye,,25,3-Paket Böyüklər | Hündür İp Kursu (2.5 Saat) | Nəhəng Yelləncək | zipline | 3-Paket Uşaq (3-7 Yaş) | 3 macəra paketi | Net Track və ya Aşağı İpli Trek və ya Nəhəng Yelləncək (3 - 7 İl) | Zippline və ya İnsan Sling və ya Sərbəst Atlama (Yetkin/Yeniyetmə) | Dırmanma Divarı | Pulsuz tullanma | Net Track (3-7 yaş) - 30 DƏQ | Aşağı İplər Kursu (3-7 Yaş) - 30 DƏQ | Salto Trampolin (3-7 yaş) - 10 DƏQ | Qaçış Otağı | Qum Hovuzu (3-8 yaş) | Bütün gün limitsiz giriş | Yüksək İp Kursu: 10:00-12:30 Sessiya | Yüksək İp Kursu: 13.30-16.00 Sessiya | Yüksək İp Kursu: 16.30-19.00 Sessiya | LIMITED Fəaliyyət Paketi | ATV Safari | ADVENTURE Paketi | ADRENALINE Paketi | UŞAQ Paketi | EXTREME Paketi (ATV Safari + Macəra Paketi),https://az.bilet.com/fealiyyet/forest-kemerburgaz
168,İllüziyalar Muzeyi,museum-of-illusions,ventrata,entertainment,1,,,,2022-11-01T17:38:10.000000Z,2026-02-13T14:13:39.000000Z,390,530,550,TRY,,1,0,12,museum-of-illusions-yeni.webp,,"Duyularınıza olan sarsılmaz inancınızı sorgulamanıza yol açacak muhteşem illüzyonlar dünyası sizi bekliyor!<br/><br/>Museum Of Illusions biletleri Bilet.com'da. Online biletinizi hemen alın, sıra beklemeden giriş yapın!",Bilet fiyatlarını görüntülemek için lütfen Tarih ve Saat seçimi yapınız!,Muzey | Fəaliyyət,muze | aktivite,58,Museum of Illusions (Enthoosia),musuem-of-illusions-enthoosia,museumofillusions.com.tr,,,Museum of Illusions - İstanbul İstiklal,"Asmali Mescit, İstiklal Cd. No:180 D:4B, 34430 Beyoğlu/İstanbul",Beyoğlu,İstanbul,Türkiye,41.029045,28.975502,0,Türkiye,,4,İllüziyalar Muzeyi - İstiklal | İllüziyalar Muzeyi - Emaar AVM | İllüziyalar Muzeyi - İstiklal - Türkiyə vətəndaşı olmayan | İllüziyalar Muzeyi - Anadolu Emaar AVM - Türkiyə vətəndaşı olmayan,https://az.bilet.com/fealiyyet/museum-of-illusions
1638,3 Adalı Yemək Turu: İstanbul adalarına xəyal kimi səyahət,yemekli-3-ada-turu-istanbul-un-adalarina-ruya-gibi-bir-yolculuk,biletcom,entertainment,1,,,,2025-07-09T08:45:29.000000Z,2026-02-13T14:13:39.000000Z,499,499,1000,TRY,,0,0,13,yemekli-3-ada-turu-logo.webp,,İstanbul Adalarına Unutulmaz Bir Geziye Hazır mısın? Biletler Bilet.com'da!,Bilet.com'a Özel %50 İndirim !!!,Fəaliyyət,aktivite,73,Seyrü Sefa,seyru-sefa,,kadircelaloglu@gmail.com,,Cibali Tramvay Durağı,"Cibali, 34083 Fatih/İstanbul",Fatih,İstanbul,Türkiye,41.024339,28.959883,0,Türkiye,,1,Yemək ilə 3 ada turu,https://az.bilet.com/fealiyyet/yemekli-3-ada-turu-istanbul-un-adalarina-ruya-gibi-bir-yolculuk
194,Sapphire müşahidə göyərtəsi,sapphire-seyir-terasi,biletcom,entertainment,1,,,,2023-01-11T10:56:23.000000Z,2026-02-27T11:25:17.000000Z,218,313,330,TRY,,1,0,14,sapphire-seyir-terasi-yeni.webp,,Sapphire Seyir Terası ile İstanbul’u Gökyüzünden Keşfet. Biletler Bilet.com'da.,"Bu kampanya yalnızca Bilet.com online bilet alımlarında geçerlidir, kapıda giriş fiyatları indirimsiz olarak sunulmaktadır.",Müşahidə Terrası | Fəaliyyət,seyir-terasi | aktivite,62,Sapphire Teras - 2023,sapphire-teras-2023,,,,Sapphire AVM ,"Emniyetevleri, Eski Büyükdere Cd. No:1, 34415 Kağıthane/İstanbul",Kağıthane,İstanbul,Türkiye,41.085089,29.006454,0,Türkiye,,6,Sapphire müşahidə göyərtəsinə giriş bileti | Safir Müşahidə Terrası - Türkiyə vətəndaşı olmayan | Yerli Qızıl Bilet: Müşahidə Göyərtəsi + 4D İstanbul Simulyasiyası | Yerli Mega Bilet: Müşahidə Terası + 4D İstanbul Simulyasiyası + Suvenir Foto | GOLD Bilet: Müşahidə Göyərtəsi + SKYRIDE (4D İstanbul Simulyasiyası) | MEGA Bilet: Müşahidə Göyərtəsi + SKYRIDE (4D İstanbul Simulyasiyası) + Suvenir Fotosu,https://az.bilet.com/fealiyyet/sapphire-seyir-terasi
155,Emaar SkyView,emaar-skyview,biletcom,entertainment,1,,,,2022-09-19T12:17:02.000000Z,2026-02-27T11:26:34.000000Z,549,599,765,TRY,,1,0,15,emaar-skyview-yeni.webp,,Emaar SkyView ile İstanbul’u Gökyüzünden Keşfet. Biletler Bilet.com'da.,,Müşahidə Terrası | Fəaliyyət,seyir-terasi | aktivite,4,Emaar Akvaryum,emaar-akvaryum,www.emaarskyview.com,,,Emaar AVM,"Ünalan, Libadiye Cd No:88, 34700 Üsküdar/İstanbul",Üsküdar,İstanbul,Türkiye,41.002518,29.070582,0,Türkiye,,1,Emaar SkyView Giriş Bileti,https://az.bilet.com/fealiyyet/emaar-skyview
2,Əfsanələr diyarı əyləncə parkı,land-of-legends,land-of-legends,entertainment,1,,,,,2026-02-16T13:01:19.000000Z,,,,TRY,,1,0,16,land-of-legends-yeni.webp,lol-tatil.jpg,The Land Of Legends Tema Park biletleri Bilet.com'da.,"Bu kampanya yalnızca Bilet.com online bilet alımlarında geçerlidir, kapıda giriş fiyatları indirimsiz olarak sunulmaktadır.",Mövzu Parkı | Aqua Park | Fəaliyyət,tema-park | su-parki | aktivite,11,Land Of Legends,land-of-legends,www.thelandoflegendsthemepark.com,,,The Land Of Legends,"Kadriye Mahallesi No:1, D:No 515, 07525 Serik/Antalya",Serik,Antalya,Türkiye,36.879299,31.003764,0,Türkiye,,2,The Land Of Legends Gündəlik Bilet - Türk Vətəndaş | The Land Of Legends Gündəlik Bilet - TC vətəndaşı olmayan,https://az.bilet.com/fealiyyet/land-of-legends
32,dinopark,dinopark,biletcom,entertainment,1,,,,2021-04-07T11:50:48.000000Z,2026-02-13T14:13:39.000000Z,460,460,500,TRY,,1,0,17,dinopark-yeni.webp,,Göynük Dinopark indirimli biletleri bilet.com'da. 4 yaş ve üzeri için girişler ücretlidir.,"Bu kampanya yalnızca Bilet.com online bilet alımlarında geçerlidir, kapıda giriş fiyatları indirimsiz olarak sunulmaktadır.",Mövzu Parkı | Fəaliyyət,tema-park | aktivite,39,Dinopark,dinopark,www.dinopark.com.tr,,,Dinopark,Esentepe Mah. Adnan Menderes Bulvarı Dinopark Göynük-Kemer /Antalya,Kemer,Antalya,Türkiye,36.674048,30.557815,0,Türkiye,,18,Dinopark Giriş Bileti - Türkiyə Vətəndaşları | Dinopark Giriş Bileti - Xarici Vətəndaş | Dinopark Giriş Bileti + Dinoburger - Türk Vətəndaşları | Dinopark Giriş Bileti + Qəssab Küftəsi - Türk Vətəndaşları | Dinopark Giriş Bileti + Toyuq Şiş - Türk Vətəndaşları | Dinopark Giriş Bileti + Qarışıq Səhər yeməyi - Türk Vətəndaşları | Dinopark Giriş Bileti + 7D Cinema | Dinopark Giriş Bileti + Classico Pizza - Türk Vətəndaşları | Dinopark Giriş Bileti + İtalyan Toyuqu - Türk Vətəndaşları | Dinopark Giriş Bileti + Spagetti Neapolitan - Türk Vətəndaşları | Dinopark Giriş Bileti + Mexicano Pizza - Türk Vətəndaşları | Dinopark Giriş Bileti + Margherita Pizza - Türk Vətəndaşları | Dinopark Giriş Bileti + Klassik Burger - Türk Vətəndaşları | Dinopark Giriş Bileti + Meksika Burgeri - Türk Vətəndaşları | Dinopark Paketi - 1 (Giriş Bileti + 7D Cinema + Toyuq Şişi + Ayran) | Dinopark Paketi - 2 (Giriş Bileti + 7D Cinema + Qəssab küftəsi + Ayran) | Dinopark Paketi - 3 (Giriş Bileti + 7D Cinema + Dinoburger + Ayran) | Dinopark Giriş Bileti + Yemək Seçimi (Türkiyə Vətəndaşları),https://az.bilet.com/fealiyyet/dinopark
49,Dentur Avrasiya Boğaziçi Turu,dentur-avrasya-bogaz-turu,biletcom,entertainment,1,,,,2022-05-20T14:26:57.000000Z,2026-02-13T14:13:39.000000Z,250,300,,TRY,,1,0,18,dentur-avrasya-bogaz-turu-yeni.webp,,"Dentur Avrasya Klasik Boğaz Turları Bilet.com'da. Hizmet bedeli ödemeden online biletini güvenle al, QR kod ile gişede beklemeden giriş yap!",,Fəaliyyət,aktivite,49,Dentur Avrasya,dentur-avrasya,www.denturavrasya.com,bilgi@denturavrasya.com,444 63 36,Dentur Avrasya Kabataş İskelesi,"Ömer Avni, Mahallesi, Meclis-i Mebusan Cd. No:34 Beyoğlu/İstanbul",Beyoğlu,İstanbul,Türkiye,41.035385,28.994103,0,Türkiye,,5,Klassik Boğaziçi Turu | Milli Saraylarla Boğaziçi Turu | Klassik Boğaziçi Turu Kabataş gedişi | Klassik Boğaziçi Turu Beşiktaş Gedişi | Klassik Boğaziçi Turu Üsküdar Gedişi,https://az.bilet.com/fealiyyet/dentur-avrasya-bogaz-turu
54,Sandland Antalya Qum Heykəl Muzeyi,sandland-antalya-kum-heykel-muzesi,biletcom,entertainment,1,,,,2022-06-16T07:52:26.000000Z,2026-02-13T14:13:39.000000Z,150,300,,TRY,,1,0,19,sandland-yeni.webp,,Dünyanın ilk ve tek 12 ay ziyarete açık kum heykel sergisi olan Sandland'i Bilet.com ile keşfetmeye hazır mısın?<br/><br/>Devasa boyutlarda yüzlerce kum heykele ev sahipliği yapan Sandland Antalya Kum Heykel Müzesi’nde hayranlık duyacağınız unutulmaz bir,,Muzey | Fəaliyyət,muze | aktivite,51,Sandland,sandland,www.sandlandantalya.com,,,Sandland Kum Heykel Müzesi,"Guzeloba Mahallesi Lara Caddesi Lara Birlik Halk Plajı, 07230 Muratpaşa/Antalya",Muratpaşa,Antalya,Türkiye,36.848740,30.814385,0,Türkiye,,2,Sandland Antalya Giriş Bileti - Türk Vətəndaşları | Sandland Antalya Giriş Bileti - Xarici Vətəndaş,https://az.bilet.com/fealiyyet/sandland-antalya-kum-heykel-muzesi
31,Olympos Teleferiği,olympos-teleferik,biletcom,entertainment,1,,,,2021-03-30T12:23:01.000000Z,2026-02-13T14:13:39.000000Z,550,780,,TRY,,1,0,20,olympos-teleferik-yeni.webp,,"Dünyanın en uzun ikinci, Avrupa'nın ise en uzun Teleferiği olan Olympos Teleferik; Akdeniz'i ve 2365 Metre yüksekliğindeki Tahtalı Dağı'nın zirvesini birleştirmektedir.",,Fəaliyyət | Kabel avtomobili,aktivite | teleferik,38,Olympos Teleferik,olympos-teleferik,www.olymposteleferik.com,,,Olympos Teleferik,Tekirova Mahallesi Antalya Kumluca Anayolu Caddesi No:2 Kemer/Antalya,Kemer,Antalya,Türkiye,36.541174,30.487749,0,Türkiye,,3,Eyni Gün Gediş-Dönüş - Türkiyə vətəndaşı | Gediş-gəliş - Türkiyə vətəndaşı olmayan | Gediş-gəliş - Yaşayış icazəsi kartı,https://az.bilet.com/fealiyyet/olympos-teleferik
36,Nakkaştepe Zipline və Macəra Parkı,nakkestepe-zipline-macera-park,biletcom,entertainment,1,,,,2021-06-11T08:16:05.000000Z,2026-02-13T14:13:39.000000Z,450,450,510,TRY,,1,0,21,nakkastepe-zippline-yeni.webp,,Nakkaştepe Millet Bahçesi Zipline ve Macera Parkuru Seni Bekliyor. En Uygun Fiyatlarla Bilet Satın Al.,"Bu kampanya yalnızca Bilet.com online bilet alımlarında geçerlidir, kapıda giriş fiyatları indirimsiz olarak sunulmaktadır.",Fəaliyyət | Mövzu Parkı,aktivite | tema-park,42,Okko Extreme,okko-extreme,www.okko.com.tr,,0216 266 23 78,Nakkaştepe Millet Bahçesi,"Kuzguncuk, 34674 Üsküdar/İstanbul",Üsküdar,İstanbul,Türkiye,41.036213,29.037277,0,Türkiye,,3,Nakkaştepe - İp Kursu | Nakkaştepe - Zipline | Nakkaştepe - İplər Kursu və Zipline,https://az.bilet.com/fealiyyet/nakkestepe-zipline-macera-park
1532,Selimpaşa Premier Vista Hotel Hovuzu,selimpasa-premier-vista-hotel-havuz,biletcom,entertainment,1,,,,2025-06-17T07:11:33.000000Z,2026-02-13T14:13:39.000000Z,249,999,,TRY,,1,0,22,vista-hotel-havuz-logo.webp,,,"Bu kampanya yalnızca Bilet.com online bilet alımlarında geçerlidir, kapıda giriş fiyatları indirimsiz olarak sunulmaktadır.",Aqua Park,su-parki,56,Geziplus,geziplus,emaarakvaryum.com,,,Premier Vista Hotel,"Selimpaşa Merkez, 2081 Sokak No:5, 34590 Silivri/İstanbul",Silivri,İstanbul,Türkiye,41.063728,28.322390,0,Türkiye,,2,Gündəlik Açıq Hovuz İstifadəsi | Gündəlik Açıq Hovuz İstifadəsi + Silivri Küftə Menyu,https://az.bilet.com/fealiyyet/selimpasa-premier-vista-hotel-havuz
1631,Beylikdüzü Gardan Hotel Gündəlik Açıq Hovuz,beylikduzu-gardan-hotel-gunubirlik-acik-havuz,biletcom,entertainment,1,,,,2025-07-08T08:22:21.000000Z,2026-02-13T14:13:39.000000Z,549,749,900,TRY,,1,0,23,gardan-hotel-havuz-logo.webp,,Beylikdüzü Gardan Hotel Günübirlik Açık Havuz Paketleri indirimli fiyatlarla Bilet.com'da!,"Bu kampanya yalnızca Bilet.com online bilet alımlarında geçerlidir, kapıda giriş fiyatları indirimsiz olarak sunulmaktadır.",Aqua Park,su-parki,56,Geziplus,geziplus,emaarakvaryum.com,,,Beylikdüzü Gardan Hotel,Barış Mahallesi Zafer Caddesi No:4 Beylikdüzü/Istanbul,Beylikdüzü,İstanbul,Türkiye,41.004393,28.650249,0,Türkiye,,1,Beylikdüzü Gardan Hotel Gündəlik Açıq Hovuz,https://az.bilet.com/fealiyyet/beylikduzu-gardan-hotel-gunubirlik-acik-havuz
1792,Kuromi və Dostlar Teatrı tamaşası,kuromi-dostlari-tiyatro-oyunu-hilltown-seyirlik-sahne,iticket,entertainment,1,0,,,2025-08-12T15:01:18.000000Z,2026-02-27T09:03:13.000000Z,100,450,,TRY,,1,0,24,kuromi-ve-dostlari.webp,,"Arkadaşlığın dostluğun, paylaşımın ve iletişimin önemini anlatan pedagoglar işbirliği ile hazırlanmış eğlenceli bir çocuk oyunu…",,Teatr,tiyatro,71,iTicketTR,itickettr,,,,Hilltown Seyirlik Sahne,Hilltown Seyirlik Sahne Aydınevler Siteler Yolu No:28. Kat:3 Hilltown AVM KÜÇÜKYALI / İstanbul,Maltepe,İstanbul,Türkiye,40.952922,29.121310,0,Türkiye,,16,Kuromi və Dostlar Teatrı tamaşası | Kuromi və Dostlar Teatrı tamaşası | Kuromi və Dostlar Teatrı tamaşası | Kuromi və Dostlar Teatrı tamaşası | Kuromi və Dostlar Teatrı tamaşası | Kuromi və Dostlar Teatrı tamaşası | Kuromi və Dostlar Teatrı tamaşası | Kuromi və Dostlar Teatrı tamaşası | Kuromi və Dostlar Teatrı tamaşası | Kuromi və Dostlar Teatrı tamaşası | Kuromi və Dostlar Teatrı tamaşası | Kuromi və Dostlar Teatrı tamaşası | Kuromi və Dostlar Teatrı tamaşası | Kuromi və Dostlar Teatrı tamaşası | Kuromi və Dostlar Teatrı tamaşası | Kuromi və Dostlar Teatrı tamaşası,https://az.bilet.com/fealiyyet/kuromi-dostlari-tiyatro-oyunu-hilltown-seyirlik-sahne
1793,X ADRIATIQUE tərəfindən | Ataköy Marina Arena,x-by-adriatique-atakoy-marina-arena-atakoy-marina-acik-hava,iticket,entertainment,1,0,,,2025-08-12T15:01:21.000000Z,2026-02-27T09:03:12.000000Z,1750,12000,,TRY,,1,0,25,x-by-erteleme.webp,,"Adriatique, ‘X’ Show'u ile, ‘X' Ataköy Marina’nın büyüleyici manzarasında, müziğin, ışığın ve görsellerin bir araya geldiği unutulmaz bir deneyim sunmaya hazırlanıyor.",,Konsert,konser,71,iTicketTR,itickettr,,,,Ataköy Marina Açık Hava,"Ataköy 1. Kısım mah. Rauf Orbay cad, Ataköy Marina, 34158 Bakırköy/İstanbul",Bakırköy,İstanbul,Türkiye,40.972026,28.874525,0,Türkiye,,1,X ADRIATIQUE tərəfindən | Ataköy Marina Arena,https://az.bilet.com/fealiyyet/x-by-adriatique-atakoy-marina-arena-atakoy-marina-acik-hava
1960,90-cı illərin Türk Pop Partiyası,90lar-turkce-pop-partisi-if-performance-hall-tunus,iticket,entertainment,1,0,,,2025-10-17T15:00:59.000000Z,2026-02-27T09:02:35.000000Z,200,400,,TRY,,1,0,27,90-lar-turkce-pop-partisi.webp,,90'lar Türkçe Pop Partisi IF Performance Hall Tunus'ta!  90'lar Türkçe Pop Partisi konser biletleri Bilet.com'da seni bekliyor!,,Konsert,konser,71,iTicketTR,itickettr,,,,IF Performance Hall Tunus,,,Ankara,Türkiye,39.911647,32.856077,0,Türkiye,,21,90-cı illərin Türk Pop Partiyası | 90-cı illərin Türk Pop Partiyası | 90-cı illərin Türk Pop Partiyası | 90-cı illərin Türk Pop Partiyası | 90-cı illərin Türk Pop Partiyası | 90'lar Türkçe Pop Partisi | 90'lar Türkçe Pop Partisi | 90'lar Türkçe Pop Partisi | 90-cı illərin Türk Pop Partiyası | 90-cı illərin Türk Pop Partiyası | 90-cı illərin Türk Pop Partiyası | 90-cı illərin Türk Pop Partiyası | 90-cı illərin Türk Pop Partiyası | 90-cı illərin Türk Pop Partiyası | 90-cı illərin Türk Pop Partiyası | 90-cı illərin Türk Pop Partiyası | 90-cı illərin Türk Pop Partiyası | 90-cı illərin Türk Pop Partiyası | 90-cı illərin Türk Pop Partiyası | 90-cı illərin Türk Pop Partiyası | 90-cı illərin Türk Pop Partiyası,https://az.bilet.com/fealiyyet/90lar-turkce-pop-partisi-if-performance-hall-tunus
1993,100% Metal Hədiyyələr: Myrath,100-metal-sunar-myrath-if-performance-hall-besiktas,iticket,entertainment,1,0,,,2025-10-24T09:01:41.000000Z,2026-02-27T09:02:44.000000Z,825,1540,,TRY,,1,0,29,yüzde-yüz-metal-sunar-myrath.webp,,"%100 Metal İftiharla Sunar: Blazing desert metal olarak tanımlanan tarzıyla Doğu ve Batı sentezini başarıyla yapan Myrath, 4 Nisan 2026’da IF Beşiktaş’ta!",,Konsert,konser,71,iTicketTR,itickettr,,,,IF Performance Hall Beşiktaş,"Cihannüma, Hasfırın Cd. No:26, 34353 Beşiktaş/İstanbul",Beşiktaş,İstanbul,Türkiye,41.044052,29.006469,0,Türkiye,,1,100% Metal Hədiyyələr: Myrath,https://az.bilet.com/fealiyyet/100-metal-sunar-myrath-if-performance-hall-besiktas
2018,Labubu Xəzinə Ovu Teatr Oyunu,labubu-define-pesinde-tiyatro-oyunu-hilltown-seyirlik-sahne,iticket,entertainment,1,0,,,2025-11-06T15:01:31.000000Z,2026-02-27T09:03:13.000000Z,185,450,,TRY,,1,0,30,labubu-define-pesinde.webp,,"“Labubu: Ormanın Gizli Haritası” oyunu ile hem kalbini hem hayal gücünü besleyen bu neşeli bir keşif yolculuğunu sizler de kaçırmak istemiyorsanız, yerlerinizi şimdide ayırtın…",,Teatr,tiyatro,71,iTicketTR,itickettr,,,,Hilltown Seyirlik Sahne,Hilltown Seyirlik Sahne Aydınevler Siteler Yolu No:28. Kat:3 Hilltown AVM KÜÇÜKYALI / İstanbul,Maltepe,İstanbul,Türkiye,40.952922,29.121310,0,Türkiye,,7,Labubu Xəzinə Ovu Teatr Oyunu | Labubu Xəzinə Ovu Teatr Oyunu | Labubu Xəzinə Ovu Teatr Oyunu | Labubu Xəzinə Ovu Teatr Oyunu | Labubu Xəzinə Ovu Teatr Oyunu | Labubu Xəzinə Ovu Teatr Oyunu | Labubu Xəzinə Ovu Teatr Oyunu,https://az.bilet.com/fealiyyet/labubu-define-pesinde-tiyatro-oyunu-hilltown-seyirlik-sahne
2030,Violonçel Respublikası,cello-republic-cso-ada-konser-salonu,iticket,entertainment,1,0,,,2025-11-08T21:01:52.000000Z,2026-02-27T09:03:13.000000Z,440,1980,,TRY,,1,0,31,cello-republic.webp,,"Mercedes Ruiz & Santiago Lara 'DUAL', 23 Mayıs'ta Ankara CSO Ziraat Ana Bankası Ana Salon'da siz sevenleriyle buluşuyor.",,Konsert,konser,71,iTicketTR,itickettr,,,,CSO Ada Konser Salonu,,,Ankara,Türkiye,39.933242,32.850752,0,Türkiye,,1,Violonçel Respublikası,https://az.bilet.com/fealiyyet/cello-republic-cso-ada-konser-salonu
2062,Luca Stricagnoli,luca-stricagnoli-istanbul-ataturk-kultur-merkezi,iticket,entertainment,1,1,,,2025-11-18T21:02:18.000000Z,2026-02-27T09:02:45.000000Z,825,1650,,TRY,,1,0,32,luca-stricagnoli-ist.webp,,"Luca Stricagnoli, 5 Nisan'da İstanbul Atatürk Kültür Merkezi Tiyatro Salonu'nda siz sevenleriyle buluşuyor.",,Konsert,konser,71,iTicketTR,itickettr,,,,İstanbul Atatürk Kültür Merkezi,,,İstanbul,Türkiye,41.036663,28.987652,0,Türkiye,,1,Luca Stricagnoli,https://az.bilet.com/fealiyyet/luca-stricagnoli-istanbul-ataturk-kultur-merkezi
1994,Myrat,myrath-jolly-joker-ankara,iticket,entertainment,1,0,,,2025-10-24T09:01:42.000000Z,2026-02-27T09:02:45.000000Z,680,1700,,TRY,,1,0,35,myrath.webp,,Myrath 5 Nisan Pazar günü Jolly Joker Ankara'da! Myrath  Ankara konseri biletleri Bilet.com'da sizi bekliyor! Kaçırmayın!,,Konsert,konser,71,iTicketTR,itickettr,,,,Jolly Joker Ankara,"Kavaklıdere, Kızılırmak Cd. No:14, 06420 Çankaya/Ankara",,Ankara,Türkiye,39.914617,32.858200,0,Türkiye,,1,Myrat,https://az.bilet.com/fealiyyet/myrath-jolly-joker-ankara
2028,Mercedes Ruiz və Santiago Lara 'DUAL',mercedes-ruiz-santiago-lara-dual-cso-ada-konser-salonu,iticket,entertainment,1,0,,,2025-11-08T21:01:43.000000Z,2026-02-27T09:03:13.000000Z,440,1540,,TRY,,1,0,38,mercedes-ruiz-santiago-lara-dual.webp,,Mercedes Ruiz & Santiago Lara flamenkonun ustalarından bir dans ve gitar yolculuğu. Mercedes Ruiz & Santiago Lara 'DUAL' Konseri Ankara gösterimi biletleri Bilet.com'da satışta.,,Konsert,konser,71,iTicketTR,itickettr,,,,CSO Ada Konser Salonu,,,Ankara,Türkiye,39.933242,32.850752,0,Türkiye,,1,Mercedes Ruiz və Santiago Lara 'DUAL',https://az.bilet.com/fealiyyet/mercedes-ruiz-santiago-lara-dual-cso-ada-konser-salonu
2061,Luca Stricagnoli,luca-stricagnoli-cso-ada-konser-salonu,iticket,entertainment,1,1,,,2025-11-18T21:02:15.000000Z,2026-02-27T09:02:43.000000Z,825,1650,,TRY,,1,0,39,luca-stricagnoli-ankara.webp,,Luca Stricagnoli 3 Nisan'da Ankara CSO Ada Ankara Mavi Salon sahnesinde müzikseverlerle buluşuyor!,,Konsert,konser,71,iTicketTR,itickettr,,,,CSO Ada Konser Salonu,,,Ankara,Türkiye,39.933242,32.850752,0,Türkiye,,1,Luca Stricagnoli,https://az.bilet.com/fealiyyet/luca-stricagnoli-cso-ada-konser-salonu
638,Yeni Norda,nova-norda-645-kk-ankara-2025-02-27,iticket,entertainment,1,0,,,2024-12-24T21:01:57.000000Z,2026-02-27T09:02:48.000000Z,350,800,,TRY,,1,0,43,nova-norda-ankara.webp,,"Enerjisi ve besteleriyle dilimizden düşmeyen Nova Norda, 27 Şubat Perşembe günü Ankara 6:45 Sahnesi'nde!  Unutulmaz bir geceye tanıklık etmek ve Nova Norda'nın eşsiz performansını canlı izlemek için hazır olun!",,Konsert,konser,71,iTicketTR,itickettr,,,,6:45 KK Ankara,"Kavaklıdere, 174. Sokak, Tunus Cd., 06680 Çankaya/Ankara",Çankaya,Ankara,Türkiye,39.906067,32.859053,0,Türkiye,,3,Yeni Norda | Yeni Norda | Yeni Norda,https://az.bilet.com/fealiyyet/nova-norda-645-kk-ankara-2025-02-27
621,Derya Bedavacı,derya-bedavaci-hayal-kahvesi-aqua-florya-2025-02-08,iticket,entertainment,1,0,,,2024-12-24T21:01:48.000000Z,2026-02-27T09:02:36.000000Z,750,10000,,TRY,,1,0,44,derya-bedavaci-aqua-florya.webp,,Derya Bedavacı 8 Şubat'ta Hayal Kahvesi Aqua Florya konserinde sevenleriyle buluşuyor.  Derya Bedavacı konserinde yerinizi ayırtmayı unutmayın.  Daha birçok İstanbul konseri için Bilet.com'u ziyaret edebilirsiniz.,,Konsert,konser,71,iTicketTR,itickettr,,,,Hayal Kahvesi Aqua Florya,"Şenlikköy, Yeşilköy Halkalı Cd. 93-93/1, 34153 Bakırköy/İstanbul",Bakırköy,İstanbul,Türkiye,40.965505,28.797952,0,Türkiye,,3,Derya Bedavacı | Derya Bedavacı | Derya Bedavacı,https://az.bilet.com/fealiyyet/derya-bedavaci-hayal-kahvesi-aqua-florya-2025-02-08
2096,Ogün Şanlısoy,ogun-sanlisoy-kulup-mujgan,iticket,entertainment,1,0,,,2025-12-05T15:02:03.000000Z,2026-02-27T09:02:17.000000Z,495,577,,TRY,,1,0,46,ogun-sanlısoy.webp,,Ogün Sanlısoy 27 Şubat'ta sevenleriyle Kulüp Müjgan'da buluşuyor.  Ogün Sanlısoy Ankara konseri biletleri Bilet.com'da!,,Konsert,konser,71,iTicketTR,itickettr,,,,Kulüp Mujgan,"Kavaklıdere, Bestekar Cd No38/A, 06680 Çankaya/Ankara",Çankaya,Ankara,Türkiye,39.909625,32.853888,0,Türkiye,,1,Ogün Şanlısoy,https://az.bilet.com/fealiyyet/ogun-sanlisoy-kulup-mujgan
2097,Poizi,poizi-isparta-iyas-suleyman-demirel-kongre-merkezi,iticket,entertainment,1,0,,,2025-12-05T21:01:55.000000Z,2026-02-27T09:02:59.000000Z,700,1400,,TRY,,1,0,47,poizi.webp,,POİZİ | Isparta Konseri | 18 Nisan'da Isparta İyaş Süleyman Demirel Kongre Merkezi'nde sizlerle.,,Konsert,konser,71,iTicketTR,itickettr,,,,Isparta İyaş Süleyman Demirel Kongre Merkezi,,,Isparta,Türkiye,37.781297,30.543485,0,Türkiye,,2,Poizi | Poizi,https://az.bilet.com/fealiyyet/poizi-isparta-iyas-suleyman-demirel-kongre-merkezi
2101,Torpaq Yoxdur,no-land-645-kk-ankara,iticket,entertainment,1,0,,,2025-12-08T21:01:47.000000Z,2026-02-27T09:02:40.000000Z,355,450,,TRY,,1,0,49,no-land.webp,,"No Land, 29 Mart akşamı 6:45KK Ankara'da! No Land Ankara konseri biletleri Bilet.com'da!",,Konsert,konser,71,iTicketTR,itickettr,,,,6:45 KK Ankara,"Kavaklıdere, 174. Sokak, Tunus Cd., 06680 Çankaya/Ankara",Çankaya,Ankara,Türkiye,39.906067,32.859053,0,Türkiye,,1,Torpaq Yoxdur,https://az.bilet.com/fealiyyet/no-land-645-kk-ankara
2106,Ada adamı,islandman-if-performance-hall-tunus,iticket,entertainment,1,0,,,2025-12-15T15:01:29.000000Z,2026-02-27T09:02:18.000000Z,375,750,,TRY,,1,0,50,islandman.webp,,"Islandman, 27 Şubat'ta Ankara IF Performance Hall Tunus'ta!",,Konsert,konser,71,iTicketTR,itickettr,,,,IF Performance Hall Tunus,,,Ankara,Türkiye,39.911647,32.856077,0,Türkiye,,1,Ada adamı,https://az.bilet.com/fealiyyet/islandman-if-performance-hall-tunus
2107,Sedef Sebüktekin,sedef-sebuktekin-if-performance-hall-tunus,iticket,entertainment,1,0,,,2025-12-15T15:01:44.000000Z,2026-02-27T09:02:32.000000Z,375,750,,TRY,,1,0,51,sedef-sebuktekin.webp,,"Sedef Sebüktekin, 26 Mart'ta Ankara IF Performance Hall Tunus'ta! Sedef Sebüktekin Ankara konseri biletleri Bilet.com'da!",,Konsert,konser,71,iTicketTR,itickettr,,,,IF Performance Hall Tunus,,,Ankara,Türkiye,39.911647,32.856077,0,Türkiye,,1,Sedef Sebüktekin,https://az.bilet.com/fealiyyet/sedef-sebuktekin-if-performance-hall-tunus
2123,Demokratiya və Azadlıqlar Adasına Bir Günlük Tur,demokrasi-ve-ozgurlukler-adasi-nda-1-gunluk-tur,biletcom,entertainment,1,,,,2025-12-25T14:15:57.000000Z,2026-02-17T07:28:25.000000Z,1150,1750,,TRY,,1,0,54,demokrasi-adasi-kapak.webp,,"Şehrin gürültüsünden uzaklaşıp Marmara’nın maviliklerinde, yakın tarihimize tanıklık eden muazzam bir adaya davetlisiniz. Eski adıyla Yassıada, bugün Demokrasi ve Özgürlükler Adası adıyla; müzeleri, açık hava sanat eserleri ve etkileyici mimarisiyle kapıl","Bilet almadan önce lütfen ""Hakkında"" bölümünü okuyunuz!",Fəaliyyət,aktivite,56,Geziplus,geziplus,emaarakvaryum.com,,,Demokrasi ve Özgürlükler Adası,"Demokrasi ve Özgürlük Adası, 34970 Adalar/İstanbul",Adalar,İstanbul,Türkiye,40.865119,28.993758,0,Türkiye,,2,"Demokratiya və Azadlıqlar Adasında Bir Gün; Gediş-dönüş nəqliyyatı, Bufet səhər yeməyi, Ada mədəni turu (Cümə axşamı) | Adada 1-ci gün: Nəqliyyat + Ada Mədəni Turu (Cümə axşamı, Şənbə və Bazar)",https://az.bilet.com/fealiyyet/demokrasi-ve-ozgurlukler-adasi-nda-1-gunluk-tur
2125,Kapitan Kadaver və Strider və Hazardous,kaptan-kadavra-strider-hazardous-645-kk-ankara,iticket,entertainment,1,0,,,2025-12-26T15:01:38.000000Z,2026-02-27T09:02:20.000000Z,450,450,,TRY,,1,0,55,kaptan-kadavra-strider-hazardous.webp,,Kaptan Kadavra & Strider & Hazardous 1 Mart Pazar günü 6:45 KK Ankara'da! Kaptan Kadavra & Strider & Hazardous Ankara konseri biletleri Bilet.com'da!,,Konsert,konser,71,iTicketTR,itickettr,,,,6:45 KK Ankara,"Kavaklıdere, 174. Sokak, Tunus Cd., 06680 Çankaya/Ankara",Çankaya,Ankara,Türkiye,39.906067,32.859053,0,Türkiye,,1,Kapitan Kadaver və Strider və Hazardous,https://az.bilet.com/fealiyyet/kaptan-kadavra-strider-hazardous-645-kk-ankara
2127,Aycin Asan,aycin-asan-645-kk-ankara,iticket,entertainment,1,0,,,2025-12-29T15:01:29.000000Z,2026-02-27T09:02:36.000000Z,500,500,,TRY,,1,0,56,aycin-asan.webp,,Ayçin Asan 28 Mart'ta 6:45 KK Ankara'da siz sevenleriyle buluşuyor. Ayçin Asan konseri biletleri Bilet.com'da satışta.,,Konsert,konser,71,iTicketTR,itickettr,,,,6:45 KK Ankara,"Kavaklıdere, 174. Sokak, Tunus Cd., 06680 Çankaya/Ankara",Çankaya,Ankara,Türkiye,39.906067,32.859053,0,Türkiye,,1,Aycin Asan,https://az.bilet.com/fealiyyet/aycin-asan-645-kk-ankara
2129,Çirkli Səs Maqniti,dirty-sound-magnet-blind-istanbul,iticket,entertainment,1,0,,,2025-12-29T21:01:51.000000Z,2026-02-27T09:03:13.000000Z,700,700,,TRY,,1,0,57,dirty-sound-magnet.webp,,"Dirty Sound Magnet İstanbul konseri biletleri için hemen Bilet.com'u ziyaret ederek, müzik dolu bir akşama yerinizi ayırın!",,Konsert,konser,71,iTicketTR,itickettr,,,,Blind İstanbul,"Asmalı Mescit, Şehbender Sk. no:3, 34430 Beyoğlu/İstanbul",Beyoğlu,İstanbul,Türkiye,41.029734,28.974140,0,Türkiye,,1,Çirkli Səs Maqniti,https://az.bilet.com/fealiyyet/dirty-sound-magnet-blind-istanbul
2130,Çirkli Səs Maqniti,dirty-sound-magnet-kulup-mujgan,iticket,entertainment,1,0,,,2025-12-30T09:01:52.000000Z,2026-02-27T09:03:13.000000Z,550,550,,TRY,,1,0,58,dirty-sound-magnet.webp,,"Dirty Sound Magnet, 15 Mayıs'ta Kulüp Müjgan'da! Dirty Sound Magnet Ankara konseri biletleri Bilet.com'da satışta.",,Konsert,konser,71,iTicketTR,itickettr,,,,Kulüp Mujgan,"Kavaklıdere, Bestekar Cd No38/A, 06680 Çankaya/Ankara",Çankaya,Ankara,Türkiye,39.909625,32.853888,0,Türkiye,,1,Çirkli Səs Maqniti,https://az.bilet.com/fealiyyet/dirty-sound-magnet-kulup-mujgan
2139,Geoff Tate-in Ağıl Cinayətləri Əməliyyatı,geoff-tates-operation-mindcrime-645-kk-ankara,iticket,entertainment,1,0,,,2026-01-07T15:01:45.000000Z,2026-02-27T09:02:46.000000Z,950,950,,TRY,,1,0,63,geoff-tates-operation-mindcrime.webp,,"Progresif metalin en büyük topluluklarından Queensrÿche’ın efsanevi vokali Geoff Tate, Operation: Mindcrime projesinin “The Final Chapter” turnesi kapsamında Ankara'da!",,Konsert,konser,71,iTicketTR,itickettr,,,,6:45 KK Ankara,"Kavaklıdere, 174. Sokak, Tunus Cd., 06680 Çankaya/Ankara",Çankaya,Ankara,Türkiye,39.906067,32.859053,0,Türkiye,,1,Geoff Tate-in Ağıl Cinayətləri Əməliyyatı,https://az.bilet.com/fealiyyet/geoff-tates-operation-mindcrime-645-kk-ankara
2140,Ben Kaplan,ben-caplan-645-kk-ankara,iticket,entertainment,1,0,,,2026-01-07T21:01:22.000000Z,2026-02-27T09:02:30.000000Z,450,600,,TRY,,1,0,64,ben-caplan.webp,,Ben Caplan 24 Mart’ta 6:45 KK Ankara'da! Ben Caplan Ankara konseri biletleri Bilet.com'da!,,Konsert,konser,71,iTicketTR,itickettr,,,,6:45 KK Ankara,"Kavaklıdere, 174. Sokak, Tunus Cd., 06680 Çankaya/Ankara",Çankaya,Ankara,Türkiye,39.906067,32.859053,0,Türkiye,,1,Ben Kaplan,https://az.bilet.com/fealiyyet/ben-caplan-645-kk-ankara
2141,Ben Kaplan,ben-caplan-izole-eskisehir,iticket,entertainment,1,0,,,2026-01-07T21:01:27.000000Z,2026-02-27T09:02:32.000000Z,450,600,,TRY,,1,0,65,ben-caplan.webp,,Ben Caplan 25 Mart’ta İzole Eskişehir'de! Ben Caplan konser biletleri Bilet.com'da sizleri bekliyor. Eskişehir konser bileti fırsatını kaçırmayın!,,Konsert,konser,71,iTicketTR,itickettr,,,,İzole Eskişehir,,,Eskişehir,Türkiye,39.779284,30.514848,0,Türkiye,,1,Ben Kaplan,https://az.bilet.com/fealiyyet/ben-caplan-izole-eskisehir
2142,Türk Kafel Rəsm Sənəti Emalatxanası,turk-cini-resim-sanati-atolyesi,biletcom,entertainment,1,,,,2026-01-08T14:12:30.000000Z,2026-02-13T14:13:39.000000Z,1690,1690,1790,TRY,,0,0,66,cini-atolyesi-4.webp,,,,Seminar,workshop,77,Istanbul Workshops,istanbul-workshops,,calendar@istanbulworkshops.com,,İstanbul Workshops - Fabrikafa Make&Coffee,"Aziz Mahmut Hüdayi, Gülfem Sk. No:15, 34672 Üsküdar/İstanbul",Üsküdar,İstanbul,Türkiye,41.023278,29.014729,0,Türkiye,,2,Türk Kafel Rəsm Sənəti Emalatxanası | Türk Kafel Rəngləmə Seminarı (15:00 Sessiya),https://az.bilet.com/fealiyyet/turk-cini-resim-sanati-atolyesi
2145,Dəri Emalı Emalatxanası,deri-isciligi-atolyesi,biletcom,entertainment,1,,,,2026-01-12T13:40:10.000000Z,2026-02-13T14:13:39.000000Z,1950,1950,2050,TRY,,0,0,67,deri-isciligi-atolyesi-7.webp,,,,Seminar,workshop,77,Istanbul Workshops,istanbul-workshops,,calendar@istanbulworkshops.com,,İstanbul Workshops - Fabrikafa Make&Coffee,"Aziz Mahmut Hüdayi, Gülfem Sk. No:15, 34672 Üsküdar/İstanbul",Üsküdar,İstanbul,Türkiye,41.023278,29.014729,0,Türkiye,,2,Dəri Emalatxanası | Dəri Emalı Seminarı (15:00 Sessiya),https://az.bilet.com/fealiyyet/deri-isciligi-atolyesi
2146,Pirinç Çərçivəli Şüşə Xəttatlıq Emalatxanası,pirinc-cerceveli-cam-uzerine-hat-kaligrafi-sanati-atolyesi,biletcom,entertainment,1,,,,2026-01-12T13:50:57.000000Z,2026-02-13T14:13:39.000000Z,1690,1690,1790,TRY,,0,0,68,hat-sanati-atolyesi-4.webp,,,,Seminar,workshop,77,Istanbul Workshops,istanbul-workshops,,calendar@istanbulworkshops.com,,İstanbul Workshops - Fabrikafa Make&Coffee,"Aziz Mahmut Hüdayi, Gülfem Sk. No:15, 34672 Üsküdar/İstanbul",Üsküdar,İstanbul,Türkiye,41.023278,29.014729,0,Türkiye,,2,Pirinç Çərçivəli Şüşə Xəttatlıq Emalatxanası | Pirinç Çərçivəli Şüşə üzrə Xəttatlıq Seminarı (15:00 Sessiya),https://az.bilet.com/fealiyyet/pirinc-cerceveli-cam-uzerine-hat-kaligrafi-sanati-atolyesi
2147,Mozaika Lampa Emalatxanası,mozaik-lamba-atolyesi,biletcom,entertainment,1,,,,2026-01-13T11:15:32.000000Z,2026-02-13T14:13:39.000000Z,1690,1690,1790,TRY,,0,0,69,mozaik-atolyesi-5.webp,,,,Seminar,workshop,77,Istanbul Workshops,istanbul-workshops,,calendar@istanbulworkshops.com,,İstanbul Workshops - Fabrikafa Make&Coffee,"Aziz Mahmut Hüdayi, Gülfem Sk. No:15, 34672 Üsküdar/İstanbul",Üsküdar,İstanbul,Türkiye,41.023278,29.014729,0,Türkiye,,4,Mozaika Lampa Emalatxanası | Mozaika Lampa Seminarı (12:00 PM Sessiya) | Mozaika Lampa Seminarı (15:00 Sessiya) | Mozaika Lampa Seminarı (18:00 Sessiya),https://az.bilet.com/fealiyyet/mozaik-lamba-atolyesi
2148,Ətir Seminarı,parfum-atolyesi,biletcom,entertainment,1,,,,2026-01-13T11:22:13.000000Z,2026-02-13T14:13:39.000000Z,1390,1390,1490,TRY,,0,0,70,parfum-atolyesi-5.webp,,,,Seminar,workshop,77,Istanbul Workshops,istanbul-workshops,,calendar@istanbulworkshops.com,,İstanbul Workshops - Fabrikafa Make&Coffee,"Aziz Mahmut Hüdayi, Gülfem Sk. No:15, 34672 Üsküdar/İstanbul",Üsküdar,İstanbul,Türkiye,41.023278,29.014729,0,Türkiye,,3,Ətir Seminarı | Ətir Seminarı (13:00 PM Sessiyası) | Ətir Seminarı (16:00 Sessiya),https://az.bilet.com/fealiyyet/parfum-atolyesi
2149,İşıqlandırma Seminarı,tezhip-atolyesi,biletcom,entertainment,1,,,,2026-01-13T11:26:48.000000Z,2026-02-13T14:13:39.000000Z,1690,1690,1790,TRY,,0,0,71,tezhip-atolyesi-5.webp,,,,Seminar,workshop,77,Istanbul Workshops,istanbul-workshops,,calendar@istanbulworkshops.com,,İstanbul Workshops - Fabrikafa Make&Coffee,"Aziz Mahmut Hüdayi, Gülfem Sk. No:15, 34672 Üsküdar/İstanbul",Üsküdar,İstanbul,Türkiye,41.023278,29.014729,0,Türkiye,,2,İşıqlandırma Seminarı | İşıqlandırma üzrə seminar (15:00 Sessiya),https://az.bilet.com/fealiyyet/tezhip-atolyesi
2151,Vitraj Emalatxanası,vitray-atolyesi,biletcom,entertainment,1,,,,2026-01-13T11:38:58.000000Z,2026-02-13T14:13:39.000000Z,1390,1390,1490,TRY,,0,0,72,DSCF4795.webp,,,,Seminar,workshop,77,Istanbul Workshops,istanbul-workshops,,calendar@istanbulworkshops.com,,İstanbul Workshops - Fabrikafa Make&Coffee,"Aziz Mahmut Hüdayi, Gülfem Sk. No:15, 34672 Üsküdar/İstanbul",Üsküdar,İstanbul,Türkiye,41.023278,29.014729,0,Türkiye,,2,Vitraj Emalatxanası | Vitraj emalatxanası (15:00 sessiya),https://az.bilet.com/fealiyyet/vitray-atolyesi
2152,100% Metal Təqdim Edir: Endi Timmons,100-metal-sunar-andy-timmons-if-performance-hall-besiktas,iticket,entertainment,1,0,,,2026-01-13T15:01:59.000000Z,2026-02-27T09:02:33.000000Z,880,1375,,TRY,,1,0,73,andy-timmons.webp,,"%100 Metal Sunar: Andy Timmons, 26 Mart 2026’da IF Beşiktaş sahnesinde!",,Konsert,konser,71,iTicketTR,itickettr,,,,IF Performance Hall Beşiktaş,"Cihannüma, Hasfırın Cd. No:26, 34353 Beşiktaş/İstanbul",Beşiktaş,İstanbul,Türkiye,41.044052,29.006469,0,Türkiye,,1,100% Metal Təqdim Edir: Endi Timmons,https://az.bilet.com/fealiyyet/100-metal-sunar-andy-timmons-if-performance-hall-besiktas
2156,İlhan Erşahinin İstanbul Sessiyaları,ilhan-ersahins-istanbul-sessions-if-performance-hall-tunus,iticket,entertainment,1,0,,,2026-01-13T21:01:35.000000Z,2026-02-27T09:02:21.000000Z,400,800,,TRY,,1,0,76,ilhan-ersahin.webp,,İlhan Erşahin's Istanbul Sessions 6 Mart'ta IF Performance Hall Tunus'ta! Biletler Bilet.com'da!,,Konsert,konser,71,iTicketTR,itickettr,,,,IF Performance Hall Tunus,,,Ankara,Türkiye,39.911647,32.856077,0,Türkiye,,1,İlhan Erşahinin İstanbul Sessiyaları,https://az.bilet.com/fealiyyet/ilhan-ersahins-istanbul-sessions-if-performance-hall-tunus
2157,Qadağan olunmuş Halva,yasak-helva-if-performance-hall-tunus,iticket,entertainment,1,0,,,2026-01-13T21:01:39.000000Z,2026-02-27T09:02:26.000000Z,250,500,,TRY,,1,0,77,yasak-helva.webp,,Yasak Helva 11 Mart'ta IF Performance Hall Tunus'ta! Yasak Helva Tribute konser biletleri Bilet.com'da seni bekliyor!,,Konsert,konser,71,iTicketTR,itickettr,,,,IF Performance Hall Tunus,,,Ankara,Türkiye,39.911647,32.856077,0,Türkiye,,1,Qadağan olunmuş Halva,https://az.bilet.com/fealiyyet/yasak-helva-if-performance-hall-tunus
2160,"100% Metal Təqdim Edir: The Radicant + Seçilmiş Anathema Mahnıları, Li Duqlas ilə",100-metal-sunar-the-radicant-selected-anathema-songs-with-lee-douglas-if-performance-hall-besiktas,iticket,entertainment,1,0,,,2026-01-15T09:02:00.000000Z,2026-02-27T09:02:53.000000Z,891,1254,,TRY,,1,0,80,the-radicant-ist.webp,,"%100 Metal İftiharla Sunar: Anathema’nın kurucu üyelerinden Vincent Cavanagh, görsel ve işitsel sınırları zorlayan sinematik projesi The Radicant 12 Nisan’da IF Performance Hall Beşiktaş’ta!",,Konsert,konser,71,iTicketTR,itickettr,,,,IF Performance Hall Beşiktaş,"Cihannüma, Hasfırın Cd. No:26, 34353 Beşiktaş/İstanbul",Beşiktaş,İstanbul,Türkiye,41.044052,29.006469,0,Türkiye,,1,"100% Metal Təqdim Edir: The Radicant + Seçilmiş Anathema Mahnıları, Li Duqlas ilə",https://az.bilet.com/fealiyyet/100-metal-sunar-the-radicant-selected-anathema-songs-with-lee-douglas-if-performance-hall-besiktas
2161,"100% Metal Təqdim Edir: The Radicant + Seçilmiş Anathema Mahnıları, Li Duqlas ilə",100-metal-sunar-the-radicant-selected-anathema-songs-with-lee-douglas-soldout-performance-hall,iticket,entertainment,1,0,,,2026-01-15T09:02:08.000000Z,2026-02-27T09:02:55.000000Z,891,891,,TRY,,1,0,81,the-radicant-izmir.webp,,"%100 Metal İftiharla Sunar: Anathema’nın kurucu üyelerinden Vincent Cavanagh, görsel ve işitsel sınırları zorlayan sinematik projesi The Radicant 13 Nisan’da SoldOut Performance Hall’da!",,Konsert,konser,71,iTicketTR,itickettr,,,,SoldOut Performance Hall,,,İzmir,Türkiye,38.474873,27.074169,0,Türkiye,,1,"100% Metal Təqdim Edir: The Radicant + Seçilmiş Anathema Mahnıları, Li Duqlas ilə",https://az.bilet.com/fealiyyet/100-metal-sunar-the-radicant-selected-anathema-songs-with-lee-douglas-soldout-performance-hall
2162,Nilipek,nilipek-kulup-mujgan,iticket,entertainment,1,0,,,2026-01-15T21:01:23.000000Z,2026-02-27T09:02:24.000000Z,550,550,,TRY,,1,0,82,nilipek.webp,,Nilipek. 8 Mart Pazar Kulüp Müjgan Ankara'da! Nilipek konseri biletleri Bilet.com'da satışta.,,Konsert,konser,71,iTicketTR,itickettr,,,,Kulüp Mujgan,"Kavaklıdere, Bestekar Cd No38/A, 06680 Çankaya/Ankara",Çankaya,Ankara,Türkiye,39.909625,32.853888,0,Türkiye,,1,Nilipek,https://az.bilet.com/fealiyyet/nilipek-kulup-mujgan
2163,Poizi,poizi-antalya-aktuel-sahnesi,iticket,entertainment,1,0,,,2026-01-16T15:01:55.000000Z,2026-02-27T09:03:01.000000Z,700,1400,,TRY,,1,0,83,poizi.webp,,,,Konsert,konser,71,iTicketTR,itickettr,,,,Antalya Aktüel Sahnesi,,,Antalya,Türkiye,36.948102,30.641907,0,Türkiye,,1,Poizi,https://az.bilet.com/fealiyyet/poizi-antalya-aktuel-sahnesi
2167,100% Metal Təqdim Edir: Hamıya Ölüm,100-metal-sunar-death-to-all-if-performance-hall-besiktas,iticket,entertainment,1,0,,,2026-01-19T21:01:45.000000Z,2026-02-27T09:03:13.000000Z,990,1595,,TRY,,1,0,85,death-to-all.webp,,"%100 Metal İftiharla Sunar: Efsanevi kadro Death to All, ilk Türkiye konseri için 15 Haziran’da IF Beşiktaş sahnesine geliyor!",,Konsert,konser,71,iTicketTR,itickettr,,,,IF Performance Hall Beşiktaş,"Cihannüma, Hasfırın Cd. No:26, 34353 Beşiktaş/İstanbul",Beşiktaş,İstanbul,Türkiye,41.044052,29.006469,0,Türkiye,,1,100% Metal Təqdim Edir: Hamıya Ölüm,https://az.bilet.com/fealiyyet/100-metal-sunar-death-to-all-if-performance-hall-besiktas
2169,İncore Festival Istanbul : Shaggy,incore-festival-istanbul-shaggy-istanbul-kongre-merkezi,iticket,entertainment,1,0,,,2026-01-21T09:01:42.000000Z,2026-02-27T09:03:13.000000Z,2500,300000,,TRY,,1,0,86,shaggy.webp,,"R&B, soul, funk, hip hop ve reggae müziğin dünya çapındaki yıldızı Shaggy, INCORE Festival kapsamında ICC Exhibition Center sahnesinde müzikseverlerle buluşuyor.",,Konsert,konser,71,iTicketTR,itickettr,,,,İstanbul Kongre Merkezi,,,İstanbul,Türkiye,41.046364,28.988935,0,Türkiye,,1,İncore Festival Istanbul : Shaggy,https://az.bilet.com/fealiyyet/incore-festival-istanbul-shaggy-istanbul-kongre-merkezi
2173,Gökhan Çınar - Catharsis - Yenidən Başlayaq,gokhan-cinar-katarsis-gel-yeniden-baslayalim-nazim-hikmet-kultur-merkezi-ankara,iticket,entertainment,1,1,,,2026-01-21T15:01:28.000000Z,2026-02-27T09:02:20.000000Z,450,1750,,TRY,,1,0,90,gokhan-cinar-ankara.webp,,Gökhan Çınar - Katarsis - Gel Yeniden Başlayalım Semineri 4 Mart'ta Yenimahalle Nazım Hikmet Kültür Merkezi'nde!,,Teatr,tiyatro,71,iTicketTR,itickettr,,,,Nazım Hikmet Kültür Merkezi - Ankara,,,Ankara,Türkiye,39.839722,32.772081,0,Türkiye,,1,Gökhan Çınar - Catharsis - Yenidən Başlayaq,https://az.bilet.com/fealiyyet/gokhan-cinar-katarsis-gel-yeniden-baslayalim-nazim-hikmet-kultur-merkezi-ankara
2174,Ari Borakas,ari-borakas-645-kk-ankara,iticket,entertainment,1,0,,,2026-01-21T21:01:47.000000Z,2026-02-27T09:03:13.000000Z,600,600,,TRY,,1,0,91,ari-borakas.webp,,Ari Barokas 10 Mayıs Pazar 645 KK Ankara'da! Ari Borakas Ankara konseri Bilet.com'da!,,Konsert,konser,71,iTicketTR,itickettr,,,,6:45 KK Ankara,"Kavaklıdere, 174. Sokak, Tunus Cd., 06680 Çankaya/Ankara",Çankaya,Ankara,Türkiye,39.906067,32.859053,0,Türkiye,,1,Ari Borakas,https://az.bilet.com/fealiyyet/ari-borakas-645-kk-ankara
2175,100% Metal Hədiyyələr: Katatonia,100-metal-sunar-katatonia-zorlu-psm,iticket,entertainment,1,0,,,2026-01-22T15:01:32.000000Z,2026-02-27T09:03:12.000000Z,1320,1320,,TRY,,1,0,92,katatonia.webp,,"Katatonia, 6 Mayıs 2026’da Zorlu PSM Turkcell Sahnesi’nde karanlıkla duygunun kesiştiği o büyülü atmosferi yeniden kuracak.",,Konsert,konser,71,iTicketTR,itickettr,,,,Zorlu PSM,"Levazım, Koru Sok. No:2, 34340 Beşiktaş/İstanbul",Beşiktaş,İstanbul,Türkiye,41.067169,29.017491,0,Türkiye,,1,100% Metal Hədiyyələr: Katatonia,https://az.bilet.com/fealiyyet/100-metal-sunar-katatonia-zorlu-psm
2176,Sibel Can,sibel-can-antalya-acikhava,iticket,entertainment,1,0,,,2026-01-26T15:01:28.000000Z,2026-02-27T09:03:12.000000Z,1250,6600,,TRY,,1,0,93,sibelcan.webp,,Sibel Can 8 Mayıs'ta Antalya Açıkhava'da unutulmaz bir konser için siz sevenleriyle buluşuyor.  Sibel Can Antalya konser biletleri Bilet.com'da satışta.,,Konsert,konser,71,iTicketTR,itickettr,,,,Antalya Açıkhava,,,Antalya,Türkiye,36.881626,30.666821,0,Türkiye,,1,Sibel Can,https://az.bilet.com/fealiyyet/sibel-can-antalya-acikhava
2177,Dilan Balkay,dilan-balkay-645-kk-ankara,iticket,entertainment,1,0,,,2026-01-29T15:01:23.000000Z,2026-02-27T09:02:57.000000Z,500,500,,TRY,,1,0,94,dilan-balkay.webp,,"Dilan Balkay, 16 Nisan'da 6:45 KK Sahnesi’nde! Dilan Balkay Ankara konseri biletleri Bilet.com'da!",,Konsert,konser,71,iTicketTR,itickettr,,,,6:45 KK Ankara,"Kavaklıdere, 174. Sokak, Tunus Cd., 06680 Çankaya/Ankara",Çankaya,Ankara,Türkiye,39.906067,32.859053,0,Türkiye,,1,Dilan Balkay,https://az.bilet.com/fealiyyet/dilan-balkay-645-kk-ankara
2180,Yəhya Babuz,yahya-babuz-container-hall-canakkale,iticket,entertainment,1,0,,,2026-02-02T09:01:20.000000Z,2026-02-27T09:03:08.000000Z,300,600,,TRY,,1,0,95,yahya-babuz.webp,,"Yahya Babuz, 23 Nisan'da Çanakkale Container Hall sahnesinde sizlerle! Yahya Babuz Çanakkale konseri biletleri Bilet.com'da!",,Konsert,konser,71,iTicketTR,itickettr,,,,Container Hall Çanakkale,,,Çanakkale,Türkiye,40.151094,26.406356,0,Türkiye,,1,Yəhya Babuz,https://az.bilet.com/fealiyyet/yahya-babuz-container-hall-canakkale
2182,Romain Garcia,romain-garcia-roxy-istanbul,iticket,entertainment,1,0,,,2026-02-02T15:01:36.000000Z,2026-02-27T09:03:13.000000Z,850,850,,TRY,,1,0,96,romain-garcia.webp,,6 Haziran'da Roxy İstanbul'da Live seti dinleme fırsatını kaçırma. Romain Garcia İstanbul biletleri Bilet.com'da!,,Konsert,konser,71,iTicketTR,itickettr,,,,Roxy İstanbul,,,İstanbul,Türkiye,41.033555,28.984469,0,Türkiye,,1,Romain Garcia,https://az.bilet.com/fealiyyet/romain-garcia-roxy-istanbul
2183,100% Metal Hədiyyələr: Dan Patlansky,100-metal-sunar-dan-patlansky-if-performance-hall-besiktas,iticket,entertainment,1,0,,,2026-02-03T09:01:32.000000Z,2026-02-27T09:03:13.000000Z,770,1100,,TRY,,1,0,97,dan-patlansky.webp,,"Blues rock dünyasının prestijli virtüöz gitaristi Dan Patlansky, 20 Ekim 2026’da Ankara’yı büyüleyici bir gitar ziyafetine davet ediyor!",,Konsert,konser,71,iTicketTR,itickettr,,,,IF Performance Hall Beşiktaş,"Cihannüma, Hasfırın Cd. No:26, 34353 Beşiktaş/İstanbul",Beşiktaş,İstanbul,Türkiye,41.044052,29.006469,0,Türkiye,,1,100% Metal Hədiyyələr: Dan Patlansky,https://az.bilet.com/fealiyyet/100-metal-sunar-dan-patlansky-if-performance-hall-besiktas
2185,Turko Disko,turko-disko-645-kk-ankara,iticket,entertainment,1,0,,,2026-02-03T21:01:33.000000Z,2026-02-27T09:02:19.000000Z,300,300,,TRY,,1,0,98,turko-disko.webp,,"Türko Disko, o özlediğimiz yılların ruhunu canlandırmak için geri dönüyor! Türko Disko Ankara konseri biletler Bilet.com'da!",,Konsert,konser,71,iTicketTR,itickettr,,,,6:45 KK Ankara,"Kavaklıdere, 174. Sokak, Tunus Cd., 06680 Çankaya/Ankara",Çankaya,Ankara,Türkiye,39.906067,32.859053,0,Türkiye,,1,Turko Disko,https://az.bilet.com/fealiyyet/turko-disko-645-kk-ankara
2186,Min Taka,min-taka-izole-eskisehir,iticket,entertainment,1,0,,,2026-02-03T21:02:56.000000Z,2026-02-27T09:03:13.000000Z,450,450,,TRY,,1,0,99,min-taka.webp,,,,Konsert,konser,71,iTicketTR,itickettr,,,,İzole Eskişehir,,,Eskişehir,Türkiye,39.779284,30.514848,0,Türkiye,,1,Min Taka,https://az.bilet.com/fealiyyet/min-taka-izole-eskisehir
2187,Min Taka,min-taka-kulup-mujgan,iticket,entertainment,1,0,,,2026-02-03T21:03:19.000000Z,2026-02-27T09:03:13.000000Z,450,450,,TRY,,1,0,100,min-taka.webp,,"Min Taka, hem Türkçe hem de henüz yayınlanmamış İngilizce parçalarıyla dinleyiciyle buluşuyor ve gelecek projeleriyle Avrupa sahnesinde iz bırakma yolunda ilerliyor!",,Konsert,konser,71,iTicketTR,itickettr,,,,Kulüp Mujgan,"Kavaklıdere, Bestekar Cd No38/A, 06680 Çankaya/Ankara",Çankaya,Ankara,Türkiye,39.909625,32.853888,0,Türkiye,,1,Min Taka,https://az.bilet.com/fealiyyet/min-taka-kulup-mujgan
2191,Korhan Futaci,korhan-futaci-kulup-mujgan,iticket,entertainment,1,0,,,2026-02-06T15:01:11.000000Z,2026-02-27T09:02:26.000000Z,550,550,,TRY,,1,0,103,korhan-futaci.webp,,Korhan Futacı 12 Kulüp Müjgan Ankara'da! Korhan Futacı konseri biletleri Bilet.com'da satışta!,,Konsert,konser,71,iTicketTR,itickettr,,,,Kulüp Mujgan,"Kavaklıdere, Bestekar Cd No38/A, 06680 Çankaya/Ankara",Çankaya,Ankara,Türkiye,39.909625,32.853888,0,Türkiye,,1,Korhan Futaci,https://az.bilet.com/fealiyyet/korhan-futaci-kulup-mujgan
2192,100% Metal Təqdim Edir: Savatage,100-metal-sunar-savatage-zorlu-psm,iticket,entertainment,1,0,,,2026-02-06T15:01:55.000000Z,2026-02-27T09:03:13.000000Z,2550,4950,,TRY,,1,0,104,savatage.webp,,"Heavy/Power metalin efsane ismi Savatage, 19 Temmuz 2026’da Zorlu PSM Turkcell Sahnesi’nde ilk İstanbul konserini verecek!",,Konsert,konser,71,iTicketTR,itickettr,,,,Zorlu PSM,"Levazım, Koru Sok. No:2, 34340 Beşiktaş/İstanbul",Beşiktaş,İstanbul,Türkiye,41.067169,29.017491,0,Türkiye,,1,100% Metal Təqdim Edir: Savatage,https://az.bilet.com/fealiyyet/100-metal-sunar-savatage-zorlu-psm
2193,Aralıq Düşərgə Festivalı,midterm-camp-fest-life-park,iticket,entertainment,1,0,,,2026-02-06T21:01:15.000000Z,2026-02-27T09:03:07.000000Z,650,29900,,TRY,,1,0,105,midterm-camp-fest.webp,,"Şehrin gürültüsünden uzaklaşıp doğayla iç içe, müzik ve atölye dolu bir bahar tatili arayanlar için Midterm Camp Fest kapılarını açıyor!",,Konsert,konser,71,iTicketTR,itickettr,,,,Life Park,,,İstanbul,Türkiye,41.167270,29.000670,0,Türkiye,,10,Aralıq Düşərgə Festivalı | Aralıq Düşərgə Festivalı | Aralıq Düşərgə Festivalı | Aralıq Düşərgə Festivalı | Aralıq Düşərgə Festivalı | Aralıq Düşərgə Festivalı | Aralıq Düşərgə Festivalı | Aralıq Düşərgə Festivalı | Aralıq Düşərgə Festivalı | Aralıq Düşərgə Festivalı,https://az.bilet.com/fealiyyet/midterm-camp-fest-life-park
2194,Kollektiv Medz Bazarı,collectif-medz-bazar-645-kk-ankara,iticket,entertainment,1,0,,,2026-02-07T21:00:48.000000Z,2026-02-27T09:02:24.000000Z,500,500,,TRY,,1,0,106,collectif--medz-bazar.webp,,Paris şehrinde kök salmış ve Ermeni ve Türk kökenli müzisyenlerden oluşan Collectif Medz Bazar 8 Mart Pazar Ankara'da!,,Konsert,konser,71,iTicketTR,itickettr,,,,6:45 KK Ankara,"Kavaklıdere, 174. Sokak, Tunus Cd., 06680 Çankaya/Ankara",Çankaya,Ankara,Türkiye,39.906067,32.859053,0,Türkiye,,1,Kollektiv Medz Bazarı,https://az.bilet.com/fealiyyet/collectif-medz-bazar-645-kk-ankara
2195,Qızlar üçün Gecə #qızlarəyləncəsi,kizlar-gecesi-kiznesesi-jw-marriott-ankara,iticket,entertainment,1,0,,,2026-02-07T21:01:13.000000Z,2026-02-27T09:02:50.000000Z,500,500,,TRY,,1,0,107,kizlar-gecesi.webp,,"Kadın kadına eğlencenin dozunun artacağı ""Kızlar Gecesi"" 4 Nisan Cumartesi günü JW Marriot Velocity’de!",,Konsert,konser,71,iTicketTR,itickettr,,,,Jw Marriott Ankara,,,Ankara,Türkiye,39.909597,32.806627,0,Türkiye,,1,Qızlar üçün Gecə #qızlarəyləncəsi,https://az.bilet.com/fealiyyet/kizlar-gecesi-kiznesesi-jw-marriott-ankara
2196,Qızlar Gecəsi – Atiye,girls-night-atiye-milyon-performance-hall-ankara,iticket,entertainment,1,0,,,2026-02-08T15:01:13.000000Z,2026-02-27T09:02:34.000000Z,600,650,,TRY,,1,0,108,girls-night-2.webp,,"Bu gece sadece bir konser değil; kadın dayanışmasının, özgürlüğün ve eğlencenin buluştuğu özel bir deneyim. Arkadaş grubunu topla, yerini ayırt ve bu enerjinin parçası ol!",,Konsert,konser,71,iTicketTR,itickettr,,,,Milyon Performance Hall Ankara,,,Ankara,Türkiye,39.927656,32.826774,0,Türkiye,,1,Qızlar Gecəsi – Atiye,https://az.bilet.com/fealiyyet/girls-night-atiye-milyon-performance-hall-ankara
2197,100% Metal Hədiyyələr: Fabienne Erni,100-metal-sunar-fabienne-erni-blind-istanbul,iticket,entertainment,1,0,,,2026-02-09T09:01:32.000000Z,2026-02-27T09:03:13.000000Z,440,440,,TRY,,1,0,109,fabienne-erni.webp,,"%100 Metal İftiharla Sunar: Folk metalin büyüleyici sesi Fabienne Erni, solo kariyerinde ilk kez Blind İstanbul’da!",,Konsert,konser,71,iTicketTR,itickettr,,,,Blind İstanbul,"Asmalı Mescit, Şehbender Sk. no:3, 34430 Beyoğlu/İstanbul",Beyoğlu,İstanbul,Türkiye,41.029734,28.974140,0,Türkiye,,1,100% Metal Hədiyyələr: Fabienne Erni,https://az.bilet.com/fealiyyet/100-metal-sunar-fabienne-erni-blind-istanbul
2199,Ezgi Alaş,ezgi-alas-if-performance-hall-tunus,iticket,entertainment,1,0,,,2026-02-09T21:01:29.000000Z,2026-02-27T09:02:42.000000Z,300,300,,TRY,,1,0,111,ezgi-alas.webp,,Ezgi Alaş 2 Nisan'da IF Performance Hall Tunus'ta!  Ezgi Alaş Ankara konseri biletleri Bilet.com'da!,,Konsert,konser,71,iTicketTR,itickettr,,,,IF Performance Hall Tunus,,,Ankara,Türkiye,39.911647,32.856077,0,Türkiye,,1,Ezgi Alaş,https://az.bilet.com/fealiyyet/ezgi-alas-if-performance-hall-tunus
2200,Qərbi Aralıq dənizi,batu-akdeniz-645-kk-ankara,iticket,entertainment,1,0,,,2026-02-09T21:01:38.000000Z,2026-02-27T09:03:02.000000Z,150,300,,TRY,,1,0,112,batu-akdeniz.webp,,"Şarkıları bugüne kadar 100 milyondan fazla dinlenen Batu Akdeniz, yeni şarkısı “Ankara’nın Sokaklarında” ile dinleyicisiyle ilk kez bu konserde buluşuyor.",,Konsert,konser,71,iTicketTR,itickettr,,,,6:45 KK Ankara,"Kavaklıdere, 174. Sokak, Tunus Cd., 06680 Çankaya/Ankara",Çankaya,Ankara,Türkiye,39.906067,32.859053,0,Türkiye,,1,Qərbi Aralıq dənizi,https://az.bilet.com/fealiyyet/batu-akdeniz-645-kk-ankara
2201,Daha Heç Vaxt,nevermore-if-performance-hall-besiktas,iticket,entertainment,1,0,,,2026-02-12T15:01:04.000000Z,2026-02-27T09:02:42.000000Z,1320,1980,,TRY,,1,0,113,nevermore.webp,,"Nevermore, geri dönüşünü resmen ilan etti! Yeni kadrosuyla vereceği ilk konser 1 Nisan 2026’da IF Performance Hall Beşiktaş’ta.",,Konsert,konser,71,iTicketTR,itickettr,,,,IF Performance Hall Beşiktaş,"Cihannüma, Hasfırın Cd. No:26, 34353 Beşiktaş/İstanbul",Beşiktaş,İstanbul,Türkiye,41.044052,29.006469,0,Türkiye,,1,Daha Heç Vaxt,https://az.bilet.com/fealiyyet/nevermore-if-performance-hall-besiktas
2202,VJ Bülent ilə 90-cı illərin Türk Pop Partiyası,vj-bulent-ile-90lar-turkce-pop-parti-jw-marriott-ankara,iticket,entertainment,1,0,,,2026-02-12T15:01:15.000000Z,2026-02-27T09:03:01.000000Z,500,500,,TRY,,1,0,114,vj-bulent.webp,,90’ların Türkçe pop şarkıları ve nostaljik görsellerle muhteşem bir eğlence... Vj Bülent ile 90'lar Türkçe Pop Partisi Bilet.com'da!,,Konsert,konser,71,iTicketTR,itickettr,,,,Jw Marriott Ankara,,,Ankara,Türkiye,39.909597,32.806627,0,Türkiye,,1,VJ Bülent ilə 90-cı illərin Türk Pop Partiyası,https://az.bilet.com/fealiyyet/vj-bulent-ile-90lar-turkce-pop-parti-jw-marriott-ankara
2203,Beduk,beduk-645-kk-ankara,iticket,entertainment,1,0,,,2026-02-12T15:01:20.000000Z,2026-02-27T09:03:11.000000Z,450,450,,TRY,,1,0,115,beduk.webp,,"Türk elektronik müziğinin öncülerinden biri olan Bedük, Ankara'da sevenleriyle buluşmaya geliyor! Bedük Ankara konseri biletleri Bilet.com'da!",,Konsert,konser,71,iTicketTR,itickettr,,,,6:45 KK Ankara,"Kavaklıdere, 174. Sokak, Tunus Cd., 06680 Çankaya/Ankara",Çankaya,Ankara,Türkiye,39.906067,32.859053,0,Türkiye,,1,Beduk,https://az.bilet.com/fealiyyet/beduk-645-kk-ankara
2204,Demokratiya və Azadlıqlar Adasında Ənənəvi Ramazan Ləzzətləri,demokrasi-ve-ozgurlukler-adasi-nda-geleneksel-ramazan-lezzetleri,biletcom,entertainment,1,,,,2026-02-13T14:35:01.000000Z,2026-02-13T14:38:55.000000Z,2850,4300,,TRY,,0,0,2453,demokrasi-adası-ramazan.webp,,,"İstanbul’un Tarih ve Huzur Adası: Demokrasi ve Özgürlükler Adası’nda Bir Gün!  Detaylar ""Hakkında"" bölümündedir.",Fəaliyyət,aktivite,56,Geziplus,geziplus,emaarakvaryum.com,,,Demokrasi ve Özgürlükler Adası,"Demokrasi ve Özgürlük Adası, 34970 Adalar/İstanbul",Adalar,İstanbul,Türkiye,40.865119,28.993758,0,Türkiye,,1,Demokratiya və Azadlıqlar Adasında Ənənəvi Ramazan Ləzzətləri,https://az.bilet.com/fealiyyet/demokrasi-ve-ozgurlukler-adasi-nda-geleneksel-ramazan-lezzetleri
2205,Səmavi Anatoliya × Texno və Sülh – I fəsil: Kapadokiyada,celestial-anatolia-techno-chill-chapter-i-in-cappadocia-perili-ozanlar-vadisi,iticket,entertainment,1,0,,,2026-02-14T21:00:44.000000Z,2026-02-27T09:02:29.000000Z,1500,70000,,TRY,,1,0,2454,celestial-anatolia.webp,,Celestial Anatolia × Techno & Chill – Chapter I: in Cappadocia 21 Mart'ta Perili Ozanlar Vadisi'nde!,,Konsert,konser,71,iTicketTR,itickettr,,,,Perili Ozanlar Vadisi,,,Nevşehir,Türkiye,38.646559,34.822788,0,Türkiye,,1,Səmavi Anatoliya × Texno və Sülh – I fəsil: Kapadokiyada,https://az.bilet.com/fealiyyet/celestial-anatolia-techno-chill-chapter-i-in-cappadocia-perili-ozanlar-vadisi
2207,Feridun Düzağaç,feridun-duzagac-645-kk-ankara,iticket,entertainment,1,0,,,2026-02-16T15:01:23.000000Z,2026-02-27T09:03:13.000000Z,500,700,,TRY,,1,0,2456,feridun-duzagac.webp,,"Feridun Düzağaç, 6:45 KK Ankara sahnesinde sizlerle... Feridun Düzağaç Ankara konseri biletleri Bilet.com'da satışta.",,Konsert,konser,71,iTicketTR,itickettr,,,,6:45 KK Ankara,"Kavaklıdere, 174. Sokak, Tunus Cd., 06680 Çankaya/Ankara",Çankaya,Ankara,Türkiye,39.906067,32.859053,0,Türkiye,,1,Feridun Düzağaç,https://az.bilet.com/fealiyyet/feridun-duzagac-645-kk-ankara
2211,Melike Özdemir,melike-ozdemir-if-performance-hall-tunus,iticket,entertainment,1,0,,,2026-02-17T15:01:01.000000Z,2026-02-27T09:02:23.000000Z,250,500,,TRY,,1,0,2460,melike-ozdemir.webp,,,,Konsert,konser,71,iTicketTR,itickettr,,,,IF Performance Hall Tunus,,,Ankara,Türkiye,39.911647,32.856077,0,Türkiye,,1,Melike Özdemir,https://az.bilet.com/fealiyyet/melike-ozdemir-if-performance-hall-tunus
2212,"LUMERA - Candlelight HARP'S BREATH & SONAT BAGCAN tərəfindən ""Sevgi Dilindən""",lumera-mum-isiginda-askin-dilinden-arpin-nefesi-sonat-bagcan-deniz-muzesi,iticket,entertainment,1,1,,,2026-02-17T15:01:04.000000Z,2026-02-27T09:02:25.000000Z,1250,2200,,TRY,,1,0,2461,lumera.webp,,"Lumera – Işığın ve Müziğin Buluştuğu Deneyim. Sınırlı sayıda koltuk için yerinizi hemen ayırtın. Bu gece, aşkın dilini birlikte dinleyelim.",,Konsert,konser,71,iTicketTR,itickettr,,,,Deniz Müzesi,,,İstanbul,Türkiye,41.041464,29.005435,0,Türkiye,,1,"LUMERA - Candlelight HARP'S BREATH & SONAT BAGCAN tərəfindən ""Sevgi Dilindən""",https://az.bilet.com/fealiyyet/lumera-mum-isiginda-askin-dilinden-arpin-nefesi-sonat-bagcan-deniz-muzesi
2213,LUMERA - Şam işığında Christos Danakas tərəfindən – Ludovico Einaudi-nin ən yaxşıları,lumera-mum-isiginda-christos-danakas-best-of-ludovico-einaudi-deniz-muzesi,iticket,entertainment,1,1,,,2026-02-17T15:01:18.000000Z,2026-02-27T09:02:39.000000Z,1250,2200,,TRY,,1,0,2462,lumera.webp,,LUMERA - Mum Işığında Christos Danakas – Best of Ludovico Einaudi 29 Mart'ta İstanbul Deniz Müzesi'nde sizlerle.,,Konsert,konser,71,iTicketTR,itickettr,,,,Deniz Müzesi,,,İstanbul,Türkiye,41.041464,29.005435,0,Türkiye,,1,LUMERA - Şam işığında Christos Danakas tərəfindən – Ludovico Einaudi-nin ən yaxşıları,https://az.bilet.com/fealiyyet/lumera-mum-isiginda-christos-danakas-best-of-ludovico-einaudi-deniz-muzesi
2214,LUMERA - Ensemble Orient in Candlelight–Occident Istanbul,lumera-mum-isiginda-ensemble-orient-occident-istanbul-deniz-muzesi,iticket,entertainment,1,1,,,2026-02-17T15:01:20.000000Z,2026-02-27T09:02:41.000000Z,1250,2200,,TRY,,1,0,2463,lumera.webp,,LUMERA - Mum Işığında Ensemble Orient–Occident İstanbul 1 Nisan'da Deniz Müzesi'nde sizlerle.,,Konsert,konser,71,iTicketTR,itickettr,,,,Deniz Müzesi,,,İstanbul,Türkiye,41.041464,29.005435,0,Türkiye,,1,LUMERA - Ensemble Orient in Candlelight–Occident Istanbul,https://az.bilet.com/fealiyyet/lumera-mum-isiginda-ensemble-orient-occident-istanbul-deniz-muzesi
2215,Encam Potkal,encam-potkal-if-performance-hall-tunus,iticket,entertainment,1,0,,,2026-02-17T15:01:27.000000Z,2026-02-27T09:02:48.000000Z,250,500,,TRY,,1,0,2464,encam-potkal.webp,,"Encam Potkal, 8 Nisan'da IF Performance Hall Tunus'ta! Encam Potkal konser biletleri Bilet.com'da seni bekliyor!",,Konsert,konser,71,iTicketTR,itickettr,,,,IF Performance Hall Tunus,,,Ankara,Türkiye,39.911647,32.856077,0,Türkiye,,1,Encam Potkal,https://az.bilet.com/fealiyyet/encam-potkal-if-performance-hall-tunus
2216,LUMERA - Şam işığı ilə DIMITRIS ISARIS,lumera-mum-isiginda-dimitris-isaris-ve-sahne-panora-kulis-sanat-tiyatrosu,iticket,entertainment,1,1,,,2026-02-17T15:01:29.000000Z,2026-02-27T09:02:49.000000Z,880,1320,,TRY,,1,0,2465,lumera-dimitris-isaris.webp,,"LUMERA – Mum Işığında kapsamında sahnelenen bu özel konser, müziği yalnızca dinlenen değil, hissedilen bir deneyime dönüştürüyor.",,Konsert,konser,71,iTicketTR,itickettr,,,,Ve Sahne Panora Kuli̇s Sanat Ti̇yatrosu,,,Ankara,Türkiye,39.848149,32.833125,0,Türkiye,,1,LUMERA - Şam işığı ilə DIMITRIS ISARIS,https://az.bilet.com/fealiyyet/lumera-mum-isiginda-dimitris-isaris-ve-sahne-panora-kulis-sanat-tiyatrosu
2217,LUMERA - Şam işığı ilə DIMITRIS ISARIS,lumera-mum-isiginda-dimitris-isaris-hilltown-seyirlik-sahne,iticket,entertainment,1,1,,,2026-02-17T15:01:31.000000Z,2026-02-27T09:02:52.000000Z,1500,1500,,TRY,,1,0,2466,lumera-dimitris-isaris.webp,,"LUMERA – Mum Işığında kapsamında sahnelenen bu özel konser, müziği yalnızca dinlenen değil, hissedilen bir deneyime dönüştürüyor.",,Konsert,konser,71,iTicketTR,itickettr,,,,Hilltown Seyirlik Sahne,Hilltown Seyirlik Sahne Aydınevler Siteler Yolu No:28. Kat:3 Hilltown AVM KÜÇÜKYALI / İstanbul,Maltepe,İstanbul,Türkiye,40.952922,29.121310,0,Türkiye,,1,LUMERA - Şam işığı ilə DIMITRIS ISARIS,https://az.bilet.com/fealiyyet/lumera-mum-isiginda-dimitris-isaris-hilltown-seyirlik-sahne
2218,LUMERA - Bilgehan Fener Candlelight tərəfindən 'A Breath of Anadolu',lumera-mum-isiginda-bilgehan-fener-bir-nefes-anadolu-deniz-muzesi,iticket,entertainment,1,1,,,2026-02-17T15:01:34.000000Z,2026-02-27T09:02:58.000000Z,1250,1900,,TRY,,1,0,2467,lumera.webp,,LUMERA - Mum Işığında Bilgehan Fener ’Bir Nefes Anadolu’ konseri 17 Nisan'da İstanbul Deniz Müzesi'nde sizlerle.,,Konsert,konser,71,iTicketTR,itickettr,,,,Deniz Müzesi,,,İstanbul,Türkiye,41.041464,29.005435,0,Türkiye,,1,LUMERA - Bilgehan Fener Candlelight tərəfindən 'A Breath of Anadolu',https://az.bilet.com/fealiyyet/lumera-mum-isiginda-bilgehan-fener-bir-nefes-anadolu-deniz-muzesi
2219,LUMERA - Şam İşığında 3 Qala – “Harmoniyada”,lumera-mum-isiginda-3-hisar-hemhal-deniz-muzesi,iticket,entertainment,1,1,,,2026-02-17T15:01:39.000000Z,2026-02-27T09:03:08.000000Z,1250,2200,,TRY,,1,0,2468,lumera.webp,,Lumera Sunar: 3 Hisar – “Hemhâl” konseri 24 Nisan'da İstanbul Deniz Müzesi'nde sizlerle.,,Konsert,konser,71,iTicketTR,itickettr,,,,Deniz Müzesi,,,İstanbul,Türkiye,41.041464,29.005435,0,Türkiye,,1,LUMERA - Şam İşığında 3 Qala – “Harmoniyada”,https://az.bilet.com/fealiyyet/lumera-mum-isiginda-3-hisar-hemhal-deniz-muzesi
2220,LUMERA - Bülent Evcil və Nova Trio ilə Şam İşığında Motsart Axşamı,lumera-mum-isiginda-bulent-evcil-nova-trio-ile-mozart-aksami-deniz-muzesi,iticket,entertainment,1,0,,,2026-02-17T15:01:41.000000Z,2026-02-27T09:03:13.000000Z,1250,2200,,TRY,,1,0,2469,lumera.webp,,LUMERA SUNAR Bülent Evcil & Nova Trio ile Mozart Akşamı. Klasik müziğin zarafet ve ustalıkla buluşacağı seçkin bir akşam…,,Konsert,konser,71,iTicketTR,itickettr,,,,Deniz Müzesi,,,İstanbul,Türkiye,41.041464,29.005435,0,Türkiye,,1,LUMERA - Bülent Evcil və Nova Trio ilə Şam İşığında Motsart Axşamı,https://az.bilet.com/fealiyyet/lumera-mum-isiginda-bulent-evcil-nova-trio-ile-mozart-aksami-deniz-muzesi
2221,Poizi,poizi-merkez-park-amfi-tiyatro,iticket,entertainment,1,0,,,2026-02-17T15:01:46.000000Z,2026-02-27T09:03:12.000000Z,750,750,,TRY,,1,0,2470,poizi.webp,,"Poizi, enerjik sahne performansı ve özgün şarkılarıyla hayranlarıyla 7 Mayıs 2026 tarihinde Merkez Park Amfi Tiyatro'da.",,Konsert,konser,71,iTicketTR,itickettr,,,,Merkez Park Amfi Tiyatro,,,Adana,Türkiye,37.000399,35.335296,0,Türkiye,,1,Poizi,https://az.bilet.com/fealiyyet/poizi-merkez-park-amfi-tiyatro
2222,LUMERA - Şam işığında Ross Daly Triosu,lumera-mum-isiginda-ross-daly-trio-deniz-muzesi,iticket,entertainment,1,0,,,2026-02-17T15:01:50.000000Z,2026-02-27T09:03:13.000000Z,1250,2600,,TRY,,1,0,2471,lumera.webp,,"Modal müziğin öncü isimlerinden, besteci ve çok enstrümanlı müzisyen Ross Daly, Kelly Thoma ve Şakir Ozan Uygan ile birlikte Deniz Müzesi sahnesinde benzersiz bir müzikal deneyime imza atıyor.",,Konsert,konser,71,iTicketTR,itickettr,,,,Deniz Müzesi,,,İstanbul,Türkiye,41.041464,29.005435,0,Türkiye,,1,LUMERA - Şam işığında Ross Daly Triosu,https://az.bilet.com/fealiyyet/lumera-mum-isiginda-ross-daly-trio-deniz-muzesi
2223,LUMERA - Salonda Şam İşığı Musiqisi: 'Fleyta və Arfanın Sehrli Qarşılaşması',lumera-mum-isiginda-musique-de-salon-flut-ve-arpin-buyulu-bulusmasi-deniz-muzesi,iticket,entertainment,1,0,,,2026-02-17T15:01:52.000000Z,2026-02-27T09:03:13.000000Z,1250,2400,,TRY,,1,0,2472,lumera.webp,,"20 Mayıs akşamı, İstanbul’un kalbinde Deniz Müzesi konserleri iş birliğiyle müziğin en saf, en zarif hali sahneye taşınıyor.",,Konsert,konser,71,iTicketTR,itickettr,,,,Deniz Müzesi,,,İstanbul,Türkiye,41.041464,29.005435,0,Türkiye,,1,LUMERA - Salonda Şam İşığı Musiqisi: 'Fleyta və Arfanın Sehrli Qarşılaşması',https://az.bilet.com/fealiyyet/lumera-mum-isiginda-musique-de-salon-flut-ve-arpin-buyulu-bulusmasi-deniz-muzesi
2224,Sürünən Klubu və Mümkün Olduğu qədər,surungenler-kulubu-munkun-mertebe-kulup-mujgan,iticket,entertainment,1,0,,,2026-02-17T21:00:47.000000Z,2026-02-27T09:02:25.000000Z,350,350,,TRY,,1,0,2473,surungenler-klubu.webp,,Sürüngenler Kulübü ve Münkün Mertebe 10 Mart akşamı Kulüp Müjgan sahnesinde sizleri bekliyor! Sürüngenler Kulübü biletleri Bilet.com'da!,,Konsert,konser,71,iTicketTR,itickettr,,,,Kulüp Mujgan,"Kavaklıdere, Bestekar Cd No38/A, 06680 Çankaya/Ankara",Çankaya,Ankara,Türkiye,39.909625,32.853888,0,Türkiye,,1,Sürünən Klubu və Mümkün Olduğu qədər,https://az.bilet.com/fealiyyet/surungenler-kulubu-munkun-mertebe-kulup-mujgan
2226,Kvun,kwoon-kulup-mujgan,iticket,entertainment,1,0,,,2026-02-18T15:01:50.000000Z,2026-02-27T09:03:13.000000Z,550,550,,TRY,,1,0,2475,kwoon.webp,,Kwoon konseri 13 Kasım'da Kulüp Müjgan Ankara'da! Kwoon konseri biletleri Bilet.com'da satışta.,,Konsert,konser,71,iTicketTR,itickettr,,,,Kulüp Mujgan,"Kavaklıdere, Bestekar Cd No38/A, 06680 Çankaya/Ankara",Çankaya,Ankara,Türkiye,39.909625,32.853888,0,Türkiye,,1,Kvun,https://az.bilet.com/fealiyyet/kwoon-kulup-mujgan
2227,Midleyk,midlake-645-kk-ankara,iticket,entertainment,1,0,,,2026-02-19T09:01:39.000000Z,2026-02-27T09:03:13.000000Z,850,1000,,TRY,,1,0,2476,midlake.webp,,"Amerikan folk müziğinin ikonları Midlake, ışıl ışıl folk ve düşünceli rock arasında geniş bir denge kurarak ustaca bir geri dönüş yapıyor.",,Konsert,konser,71,iTicketTR,itickettr,,,,6:45 KK Ankara,"Kavaklıdere, 174. Sokak, Tunus Cd., 06680 Çankaya/Ankara",Çankaya,Ankara,Türkiye,39.906067,32.859053,0,Türkiye,,1,Midleyk,https://az.bilet.com/fealiyyet/midlake-645-kk-ankara
2228,Keçid dövrü,the-pass-age-if-performance-hall-tunus,iticket,entertainment,1,0,,,2026-02-19T15:00:37.000000Z,2026-02-27T09:02:21.000000Z,200,400,,TRY,,1,0,2477,the-pass-age.webp,,The Pass Age 5 Mart'ta IF Performance Hall Tunus'ta! The Pass Age Ankara konser biletleri Bilet.com'da seni bekliyor!,,Konsert,konser,71,iTicketTR,itickettr,,,,IF Performance Hall Tunus,,,Ankara,Türkiye,39.911647,32.856077,0,Türkiye,,1,Keçid dövrü,https://az.bilet.com/fealiyyet/the-pass-age-if-performance-hall-tunus
2229,Jen Sessions,jen-sessions-kulup-mujgan,iticket,entertainment,1,0,,,2026-02-19T15:00:51.000000Z,2026-02-27T09:02:27.000000Z,400,400,,TRY,,1,0,2478,jen-sessions.webp,,"Jen Sessions, 13 Mart akşamı Kulüp Müjgan sahnesinde! Jen Sessions Ankara konseri biletleri Bilet.com'da!",,Konsert,konser,71,iTicketTR,itickettr,,,,Kulüp Mujgan,"Kavaklıdere, Bestekar Cd No38/A, 06680 Çankaya/Ankara",Çankaya,Ankara,Türkiye,39.909625,32.853888,0,Türkiye,,1,Jen Sessions,https://az.bilet.com/fealiyyet/jen-sessions-kulup-mujgan
2230,Yas və Yer kürəsinin şahidləri,matem-yeryuzu-taniklari-if-performance-hall-tunus,iticket,entertainment,1,0,,,2026-02-19T15:00:53.000000Z,2026-02-27T09:02:28.000000Z,200,400,,TRY,,1,0,2479,matem-ve-yeryuzu-taniklari.webp,,,,Konsert,konser,71,iTicketTR,itickettr,,,,IF Performance Hall Tunus,,,Ankara,Türkiye,39.911647,32.856077,0,Türkiye,,1,Yas və Yer kürəsinin şahidləri,https://az.bilet.com/fealiyyet/matem-yeryuzu-taniklari-if-performance-hall-tunus
2231,Sinan Somuncu Acoustic,sinan-somuncu-akustik-if-performance-hall-tunus,iticket,entertainment,1,0,,,2026-02-19T15:00:54.000000Z,2026-02-27T09:02:28.000000Z,250,500,,TRY,,1,0,2480,sinan-somuncu.webp,,,,Konsert,konser,71,iTicketTR,itickettr,,,,IF Performance Hall Tunus,,,Ankara,Türkiye,39.911647,32.856077,0,Türkiye,,1,Sinan Somuncu Acoustic,https://az.bilet.com/fealiyyet/sinan-somuncu-akustik-if-performance-hall-tunus
2232,Mədəniyyət şoku,kultur-shock-645-kk-ankara,iticket,entertainment,1,0,,,2026-02-19T15:01:18.000000Z,2026-02-27T09:02:53.000000Z,650,650,,TRY,,1,0,2481,kultur-shock.webp,,"Kultur Shock, farklı kültürleri ve tarzları buluşturduğu eşsiz müziğiyle dinleyicileriyle buluşmaya Ankara'ya geliyor!",,Konsert,konser,71,iTicketTR,itickettr,,,,6:45 KK Ankara,"Kavaklıdere, 174. Sokak, Tunus Cd., 06680 Çankaya/Ankara",Çankaya,Ankara,Türkiye,39.906067,32.859053,0,Türkiye,,1,Mədəniyyət şoku,https://az.bilet.com/fealiyyet/kultur-shock-645-kk-ankara
2233,Tolga Ayaz,tolga-ayaz-if-performance-hall-tunus,iticket,entertainment,1,0,,,2026-02-19T15:01:20.000000Z,2026-02-27T09:02:56.000000Z,250,500,,TRY,,1,0,2482,tolga-ayaz.webp,,Sinan Somuncu Akustik 19 Mart'ta IF Performance Hall Tunus'ta! Sinan Somuncu Akustik konser biletleri Bilet.com'da seni bekliyor!,,Konsert,konser,71,iTicketTR,itickettr,,,,IF Performance Hall Tunus,,,Ankara,Türkiye,39.911647,32.856077,0,Türkiye,,1,Tolga Ayaz,https://az.bilet.com/fealiyyet/tolga-ayaz-if-performance-hall-tunus
2234,100% Metal Təqdim Edir: Aristokratlar,100-metal-sunar-the-aristocrats-tosca-play,iticket,entertainment,1,0,,,2026-02-19T15:01:31.000000Z,2026-02-27T09:03:12.000000Z,1375,1375,,TRY,,1,0,2483,the-aristocrats.webp,,"%100 Metal İftiharla Sunar: Dünyanın en özgün enstrümantal gruplarından The Aristocrats, 28 Nisan 2026’da Tosca Play sahnesinde olacak!",,Konsert,konser,71,iTicketTR,itickettr,,,,Tosca Play,,,Ankara,Türkiye,39.908957,32.850262,0,Türkiye,,1,100% Metal Təqdim Edir: Aristokratlar,https://az.bilet.com/fealiyyet/100-metal-sunar-the-aristocrats-tosca-play
2235,İlyas Yalçıntaş,ilyas-yalcintas-blind-istanbul,iticket,entertainment,1,0,,,2026-02-19T21:00:46.000000Z,2026-02-27T09:02:30.000000Z,950,1600,,TRY,,1,0,2484,ilyas-yalcintas.webp,,"İlyas Yalçıntaş, 22 Mart akşamı İstanbul Blind sahnesinde sevenleri ile buluşuyor.",,Konsert,konser,71,iTicketTR,itickettr,,,,Blind İstanbul,"Asmalı Mescit, Şehbender Sk. no:3, 34430 Beyoğlu/İstanbul",Beyoğlu,İstanbul,Türkiye,41.029734,28.974140,0,Türkiye,,1,İlyas Yalçıntaş,https://az.bilet.com/fealiyyet/ilyas-yalcintas-blind-istanbul
2236,İlyas Yalçıntaş,ilyas-yalcintas-hayal-kahvesi-bandirma,iticket,entertainment,1,0,,,2026-02-19T21:01:21.000000Z,2026-02-27T09:02:56.000000Z,725,1450,,TRY,,1,0,2485,ilyas-yalcintas.webp,,"İlyas Yalçıntaş, 15 Nisan akşamı Bandırma Hayal Kahvesi sahnesinde sevenleri ile buluşuyor.  Biletleri Bilet.com'dan hemen satın alabilirsiniz.",,Konsert,konser,71,iTicketTR,itickettr,,,,Hayal Kahvesi Bandırma,,,BALIKESİR,Türkiye,40.352941,27.970182,0,Türkiye,,1,İlyas Yalçıntaş,https://az.bilet.com/fealiyyet/ilyas-yalcintas-hayal-kahvesi-bandirma
2237,İlyas Yalçıntaş,ilyas-yalcintas-hayal-kahvesi-balikesir,iticket,entertainment,1,0,,,2026-02-19T21:01:30.000000Z,2026-02-27T09:03:09.000000Z,725,1450,,TRY,,1,0,2486,ilyas-yalcintas.webp,,"İlyas Yalçıntaş, 24 Nisan akşamı Balıkesir Güre Hayal Kahvesi sahnesinde sevenleri ile buluşuyor. Biletleri Bilet.com'dan hemen satın alabilirsiniz.",,Konsert,konser,71,iTicketTR,itickettr,,,,Hayal Kahvesi - Balıkesir,,,Balıkesir,Türkiye,39.614248,27.893716,0,Türkiye,,1,İlyas Yalçıntaş,https://az.bilet.com/fealiyyet/ilyas-yalcintas-hayal-kahvesi-balikesir
2238,Gülər Tuncer,guler-tuncer-kulup-mujgan,iticket,entertainment,1,0,,,2026-02-20T15:00:46.000000Z,2026-02-27T09:02:22.000000Z,400,400,,TRY,,1,0,2487,guler-tuncer.webp,,Güler Tuncer 7 Mart akşamı Kulüp Müjgan sahnesinde! Güler Tuncer konseri biletleri Bilet.com'da satışta.,,Konsert,konser,71,iTicketTR,itickettr,,,,Kulüp Mujgan,"Kavaklıdere, Bestekar Cd No38/A, 06680 Çankaya/Ankara",Çankaya,Ankara,Türkiye,39.909625,32.853888,0,Türkiye,,1,Gülər Tuncer,https://az.bilet.com/fealiyyet/guler-tuncer-kulup-mujgan
2239,2000-ci illərin Türk Pop Partiyası,2000ler-turkce-pop-partisi-if-performance-hall-tunus,iticket,entertainment,1,0,,,2026-02-20T15:00:53.000000Z,2026-02-27T09:02:29.000000Z,275,550,,TRY,,1,0,2488,2000-ler-turkce-pop-partisi.webp,,2000'ler Türkçe Pop Partisi 20 Mart'ta IF Performance Hall Tunus'ta! 2000'ler Türkçe Pop Partisi konser biletleri Bilet.com'da seni bekliyor!,,Konsert,konser,71,iTicketTR,itickettr,,,,IF Performance Hall Tunus,,,Ankara,Türkiye,39.911647,32.856077,0,Türkiye,,1,2000-ci illərin Türk Pop Partiyası,https://az.bilet.com/fealiyyet/2000ler-turkce-pop-partisi-if-performance-hall-tunus
2240,Və s.,falan-filan-if-performance-hall-tunus,iticket,entertainment,1,0,,,2026-02-20T15:00:56.000000Z,2026-02-27T09:02:31.000000Z,300,300,,TRY,,1,0,2489,falan-filan.webp,,Falan Filan 24 Mart'ta IF Performance Hall Tunus'ta! Falan Filan Ankara konser biletleri Bilet.com'da seni bekliyor!,,Konsert,konser,71,iTicketTR,itickettr,,,,IF Performance Hall Tunus,,,Ankara,Türkiye,39.911647,32.856077,0,Türkiye,,1,Və s.,https://az.bilet.com/fealiyyet/falan-filan-if-performance-hall-tunus
2242,Mavi,mavi-if-performance-hall-tunus,iticket,entertainment,1,0,,,2026-02-20T15:01:26.000000Z,2026-02-27T09:03:12.000000Z,600,600,,TRY,,1,0,2491,mavi.webp,,,,Konsert,konser,71,iTicketTR,itickettr,,,,IF Performance Hall Tunus,,,Ankara,Türkiye,39.911647,32.856077,0,Türkiye,,1,Mavi,https://az.bilet.com/fealiyyet/mavi-if-performance-hall-tunus
2243,İlyas Yalçıntaş,ilyas-yalcintas-adiyaman-tpao-kultur-merkezi,iticket,entertainment,1,0,,,2026-02-23T15:02:23.000000Z,2026-02-27T09:03:12.000000Z,890,890,,TRY,,1,0,2492,ilyas-yalcintas.webp,,"İlyas Yalçıntaş, 5 Mayıs akşamı Adıyaman TPAO Kültür Merkezi'nde sevenleri ile buluşuyor. Adıyaman konser biletlerini Bilet.com'dan hemen satın alabilirsiniz.",,Konsert,konser,71,iTicketTR,itickettr,,,,Adıyaman TPAO Kültür Merkezi,,,ADIYAMAN,Türkiye,37.768437,38.226812,0,Türkiye,,1,İlyas Yalçıntaş,https://az.bilet.com/fealiyyet/ilyas-yalcintas-adiyaman-tpao-kultur-merkezi
2244,Ebru və Parça Çanta Dizaynı üzrə Seminar,ebru-ile-bez-canta-tasarim-atolyesi,biletcom,entertainment,1,,,,2026-02-24T14:30:28.000000Z,2026-02-25T09:10:41.000000Z,1750,1750,1850,TRY,,0,0,2493,ebru-workshop.webp,,,,Seminar,workshop,77,Istanbul Workshops,istanbul-workshops,,calendar@istanbulworkshops.com,,İstanbul Workshops - Fabrikafa Make&Coffee,"Aziz Mahmut Hüdayi, Gülfem Sk. No:15, 34672 Üsküdar/İstanbul",Üsküdar,İstanbul,Türkiye,41.023278,29.014729,0,Türkiye,,1,Ebrunun Kətan Çanta Dizaynı üzrə Seminarı (20:00),https://az.bilet.com/fealiyyet/ebru-ile-bez-canta-tasarim-atolyesi
2245,İlyas Yalçıntaş,ilyas-yalcintas-ted-iskenderun-koleji,iticket,entertainment,1,0,,,2026-02-24T15:01:23.000000Z,2026-02-27T09:03:12.000000Z,800,800,,TRY,,1,0,2494,ilyas-yalcintas.webp,,"İlyas Yalçıntaş, 6 Mayıs akşamı Hatay Ted İskenderun Koleji'nde sevenleri ile buluşuyor. Hatay konser biletlerini Bilet.com'da hemen satın alabilirsiniz.",,Konsert,konser,71,iTicketTR,itickettr,,,,Ted İskenderun Koleji,,,Hatay,Türkiye,36.561682,36.138907,0,Türkiye,,1,İlyas Yalçıntaş,https://az.bilet.com/fealiyyet/ilyas-yalcintas-ted-iskenderun-koleji
2246,Pandami Musiqisi,pandami-music-soldout-performance-hall,iticket,entertainment,1,0,,,2026-02-24T21:02:01.000000Z,2026-02-27T09:03:12.000000Z,450,450,,TRY,,1,0,2495,pandami-music.webp,,"Pandami Music, 7 Mayıs akşamı Soldout Performance Hall İzmir'de! Pandemi döneminde sosyal medyayı sarsan pandalı arkadaş grubu ""Pandami Music"" eşsiz performansıyla sizlerle!",,Konsert,konser,71,iTicketTR,itickettr,,,,SoldOut Performance Hall,,,İzmir,Türkiye,38.474873,27.074169,0,Türkiye,,1,Pandami Musiqisi,https://az.bilet.com/fealiyyet/pandami-music-soldout-performance-hall
2247,Burada baş verənlər burada qalır.,burda-olan-burda-kalir-selcuklu-kongre-merkezi-konya,iticket,entertainment,1,1,,,2026-02-25T15:01:00.000000Z,2026-02-27T09:02:39.000000Z,500,1750,,TRY,,1,0,2496,burda-olan-burda-kalir.webp,,"“Burda Olan, Burda Kalır” 29 Mart'ta Selçuklu Kongre Merkezi Konya'da gerçekleşmesi planlanan stand-up gösterisi biletleri şimdi satışta…",,Teatr,tiyatro,71,iTicketTR,itickettr,,,,Selçuklu Kongre Merkezi Konya,,,KONYA,Türkiye,37.936476,32.512285,0,Türkiye,,1,Burada baş verənlər burada qalır.,https://az.bilet.com/fealiyyet/burda-olan-burda-kalir-selcuklu-kongre-merkezi-konya
2248,Mədəniyyət şoku,kultur-shock-roxy-istanbul,iticket,entertainment,1,0,,,2026-02-25T15:01:23.000000Z,2026-02-27T09:02:50.000000Z,650,650,,TRY,,1,0,2497,kultur-shock.webp,,"Kultur Shock, 10 Nisan'da Roxy İstanbul'da sizlerle. Kultur Shock İstanbul biletleri Bilet.com'da!",,Konsert,konser,71,iTicketTR,itickettr,,,,Roxy İstanbul,,,İstanbul,Türkiye,41.033555,28.984469,0,Türkiye,,1,Mədəniyyət şoku,https://az.bilet.com/fealiyyet/kultur-shock-roxy-istanbul
2249,Mədəniyyət şoku,kultur-shock-fstop-salon,iticket,entertainment,1,0,,,2026-02-25T15:01:25.000000Z,2026-02-27T09:02:51.000000Z,450,450,,TRY,,1,0,2498,kultur-shock.webp,,"Kultur Shock, 11 Nisan akşamı Eskişehir FStop’da! Kultur Shock Eskişehir konseri biletleri Bilet.com'da!",,Konsert,konser,71,iTicketTR,itickettr,,,,F/Stop Salon,,,Eskişehir,Türkiye,39.783791,30.497238,0,Türkiye,,1,Mədəniyyət şoku,https://az.bilet.com/fealiyyet/kultur-shock-fstop-salon
2250,Eda Baba,eda-baba-meb-sura-salonu,iticket,entertainment,1,1,,,2026-02-25T15:01:33.000000Z,2026-02-27T09:03:01.000000Z,750,1250,,TRY,,1,0,2499,eda-baba.webp,,"Eda Baba, “Her Şey Seninle Güzel” konseriyle 18 Nisan'da Ankara Meb Şura'da müzikseverlerle buluşuyor.",,Konsert,konser,71,iTicketTR,itickettr,,,,MEB Şura Salonu,,,Ankara,Türkiye,39.936023,32.825180,0,Türkiye,,1,Eda Baba,https://az.bilet.com/fealiyyet/eda-baba-meb-sura-salonu
2252,İlyas Yalçıntaş,ilyas-yalcintas-samsun-atakum-belediyesi-ata-sahne,iticket,entertainment,1,1,,,2026-02-26T15:00:56.000000Z,2026-02-27T09:02:52.000000Z,662.5,1325,,TRY,,1,0,2501,ilyas-yalcintas.webp,,"İlyas Yalçıntaş, 12 Nisan akşamı Samsun Atakum Belediyesi Ata Sahnesi'nde sevenleri ile buluşuyor. Samsun konser biletlerini Bilet.com'dan hemen satın alabilirsiniz.",,Konsert,konser,71,iTicketTR,itickettr,,,,Samsun Atakum Belediyesi Ata Sahne,,,Samsun,Türkiye,41.327362,36.275455,0,Türkiye,,1,İlyas Yalçıntaş,https://az.bilet.com/fealiyyet/ilyas-yalcintas-samsun-atakum-belediyesi-ata-sahne
2253,İlyas Yalçıntaş,ilyas-yalcintas-rize-ismail-kahraman-kultur-merkezi,iticket,entertainment,1,1,,,2026-02-26T15:01:01.000000Z,2026-02-27T09:02:55.000000Z,1200,1200,,TRY,,1,0,2502,ilyas-yalcintas.webp,,"İlyas Yalçıntaş, 13 Nisan akşamı Rize İsmail Kahraman Kültür Merkezi'nde sevenleri ile buluşuyor.",,Konsert,konser,71,iTicketTR,itickettr,,,,Rize İsmail Kahraman Kültür Merkezi,,,RİZE,Türkiye,41.025237,40.522182,0,Türkiye,,1,İlyas Yalçıntaş,https://az.bilet.com/fealiyyet/ilyas-yalcintas-rize-ismail-kahraman-kultur-merkezi
2254,İlyas Yalçıntaş,ilyas-yalcintas-nihat-gokyigit-kongre-ve-kultur-merkezi,iticket,entertainment,1,1,,,2026-02-26T15:01:03.000000Z,2026-02-27T09:02:56.000000Z,762.5,1525,,TRY,,1,0,2503,ilyas-yalcintas.webp,,"İlyas Yalçıntaş, 14 Nisan akşamı Nihat Gökyiğit Kongre ve Kültür Merkezi'nde sevenleri ile buluşuyor.",,Konsert,konser,71,iTicketTR,itickettr,,,,Nihat Gökyiğit Kongre ve Kültür Merkezi,,,ARTVİN,Türkiye,41.184309,41.831864,0,Türkiye,,1,İlyas Yalçıntaş,https://az.bilet.com/fealiyyet/ilyas-yalcintas-nihat-gokyigit-kongre-ve-kultur-merkezi
2256,İstanbul Dolphinarium,istanbul-dolphinarium,biletcom,entertainment,1,,,,2026-02-27T12:44:09.000000Z,2026-02-27T12:55:05.000000Z,799,1299,1450,TRY,,0,0,2505,dolphinarium-1.webp,,,,Fəaliyyət,aktivite,56,Geziplus,geziplus,emaarakvaryum.com,,,İstanbul Dolphinarium,"Silahtarağa Mh, Silahtarağa Cd. No:20, 34050 Eyüpsultan/İstanbul",Eyüpsultan,İstanbul,Türkiye,41.061856,28.943220,0,Türkiye,,1,İstanbul Dolphinarium Gösteri Bileti,https://az.bilet.com/fealiyyet/istanbul-dolphinarium
